voiceID,duration,meanF0Hz,stdevF0Hz,HNR,localJitter,localabsoluteJitter,rapJitter,ppq5Jitter,ddpJitter,localShimmer,localdbShimmer,apq3Shimmer,apq5Shimmer,apq11Shimmer,ddaShimmer,f1_mean,f2_mean,f3_mean,f4_mean,f1_median,f2_median,f3_median,f4_median,JitterPCA,ShimmerPCA
/project/graziul/data/Zone1/2018_08_10/201808100021-669974-27730.mp3,1832.3569614512471,147.2870777216182,43.014313602351514,5.942575732130578,0.022436294498509906,0.00015265359413589675,0.01047622370777593,0.011786715451417205,0.03142867112332779,0.12204130801602979,1.1290473181243692,0.06041287882077218,0.07765154814214098,0.10257675137180317,0.18123863646231655,659.3524460770661,1508.570076142996,2295.9131508609344,3089.9156319857234,610.5742488140677,1497.6987385053271,2308.5465491043724,3007.5592412127694,-0.14763739209997356,1.6173813977158078
/project/graziul/data/Zone1/2018_08_10/201808100051-862340-27730.mp3,1831.155328798186,158.38768635365642,36.90335030037478,5.9528834577265215,0.01777762510595052,0.00011247136103093194,0.008115389234223294,0.009014218204634687,0.024346167702669883,0.12161834705048791,1.1242408293545518,0.05911979861946191,0.07762473613781319,0.10303715817317448,0.17735939585838573,674.1208755979683,1559.0452155447153,2354.096746254225,3161.8590487601437,630.1140189072408,1551.579922179261,2369.2865571588845,3115.101326549454,-1.706822588327203,0.32757230787003716
/project/graziul/data/Zone1/2018_08_10/201808100121-608175-27730.mp3,1831.155328798186,153.69675373917732,41.067891449582504,6.084682794778607,0.01982235731419371,0.00012927477771927873,0.00893951162167468,0.009936169642752865,0.026818534865024037,0.12439505134591333,1.143353777276706,0.06062154124420179,0.07909780333997173,0.10756267508884815,0.18186462373260537,682.9461801237052,1565.1615731455493,2357.5819558715325,3164.337896270411,643.8772257961853,1551.2583117461888,2369.9367362814073,3112.1948640392106,-0.6074892074014767,0.23673171085987108
/project/graziul/data/Zone1/2018_08_10/201808100151-536595-27730.mp3,1832.3569614512471,163.4323441857029,53.44610833099501,6.138118939400612,0.021156480501682787,0.00012985103997767,0.009982362618234052,0.010370903210874539,0.029947087854702157,0.12348699110215061,1.150974060703691,0.05900694342089565,0.07525798073733335,0.10299645818067163,0.17702083026268695,663.3899132729775,1493.9411186496995,2265.9905606136094,3021.4145275408923,607.9021411733951,1482.7210674080823,2263.1922096101202,2932.2991147258126,-0.7488706723117545,1.2394512576308396
/project/graziul/data/Zone1/2018_08_11/201808111508-661302-27730.mp3,1831.7561451247166,201.21432666281103,58.81778700156073,5.518161664939565,0.019595993482183383,9.723023550513021e-05,0.009006706480679888,0.009591343986494527,0.027020119442039664,0.11962366177991002,1.106456053500725,0.05855233125326842,0.07501354835071565,0.10041405142464685,0.17565699375980526,716.8571999933046,1605.2677824732123,2365.5675077366814,3157.488658741091,697.7810996550775,1600.0413952615943,2365.076444466515,3132.180545656349,-1.8667579339093494,1.0450356832986059
/project/graziul/data/Zone1/2018_08_11/201808111538-917671-27730.mp3,1831.155328798186,201.60884388519682,53.945732075319704,6.124794919473458,0.018377383958101165,9.099208661982218e-05,0.008630021177445971,0.009081124380341466,0.025890063532337915,0.12413135376134038,1.1471960985912797,0.05927414142197144,0.07692053698628211,0.10518374959726293,0.17782242426591433,721.5122363353852,1622.7879908836026,2341.8176600423403,3112.952692867994,713.2292626147749,1636.0234321386165,2354.4783476015705,3031.55759736499,-1.4406902418716923,0.0774514211037634
/project/graziul/data/Zone1/2018_08_11/201808111608-178189-27730.mp3,1831.7561451247166,184.82845204802513,53.50637966016814,6.033246006833821,0.019008115282618723,0.00010279471738300203,0.008505308246012186,0.009142349949970189,0.025515924738036558,0.12433427201441032,1.151306354662608,0.059944209250819384,0.07929698239406563,0.10858434040491621,0.17983262775245815,696.1164298130763,1568.8394886391227,2340.9777815421216,3126.544974491089,665.4928716870876,1571.640988690211,2360.9901655650856,3069.3623456110463,-1.0197034831635892,-0.24085304314483758
/project/graziul/data/Zone1/2018_08_11/201808111638-648911-27730.mp3,1832.3569614512471,157.10868505691823,42.99410383141503,6.554966453895714,0.02078118056219875,0.00013262202252878663,0.009331350942561533,0.010341325817955332,0.0279940528276846,0.12220301345948384,1.118413083292962,0.0584781125568933,0.07687223975586824,0.1030318764620719,0.1754343376706799,646.5241127561127,1552.0701220923663,2320.523250794842,3111.820476938682,602.0183973985435,1551.5120173975213,2346.405849019653,3081.6829348975116,-1.0870300053910402,1.1709150122405516
/project/graziul/data/Zone1/2018_08_11/201808111708-685990-27730.mp3,1831.7561451247166,155.46193013337395,37.74328165294633,6.81566866054373,0.017504177929319572,0.00011284800214274918,0.007336581231408598,0.008459760866089542,0.022009743694225793,0.118176561251885,1.0954476465007639,0.05591610069915293,0.07482737416443977,0.10285077937111065,0.1677483020974588,626.0755804657095,1551.055151664533,2338.8143075204703,3102.879256405637,591.2680880192448,1549.3429961382012,2368.720995605401,3047.1523666898356,-2.732573564673604,0.6950238066561778
/project/graziul/data/Zone1/2018_08_11/201808111737-609665-27730.mp3,1832.3569614512471,155.5877167055952,41.92494566982043,6.569030058890214,0.02031037505865131,0.0001307085281095805,0.008878556457463495,0.009802477952723964,0.026635669372390487,0.12248011624552954,1.1383931211021896,0.05734574476846452,0.07693240125385989,0.11052763702461987,0.17203723430539355,638.349998580539,1513.0770683365774,2302.215643169936,3078.145722234844,600.109916861184,1502.7073870174027,2328.940057572462,3015.74371724743,-1.0832241627905872,0.5086111618470383
/project/graziul/data/Zone1/2018_08_11/201808111807-883152-27730.mp3,1832.9577777777777,172.6973789646187,41.019861169806624,6.722330246489566,0.018342709389509125,0.00010641801514842232,0.008311355060197223,0.00907684584629674,0.024934065180591672,0.12070655646205775,1.1237166568359584,0.05727599389435594,0.07554523717284657,0.10514811575808039,0.17182798168306782,664.6944923015259,1549.4924301659048,2317.8352914251,3091.2990727641536,642.6774551377373,1542.3545680563977,2323.114338201972,3035.480367916789,-1.9486271781968685,0.5203623001403734
/project/graziul/data/Zone1/2018_08_11/201808111837-315775-27730.mp3,1831.7561451247166,165.01356840901562,37.90338269149029,6.8140392022204,0.018038548934479346,0.00010952686950583187,0.008290674793729535,0.008925558721503404,0.024872024381188605,0.1171011702854401,1.1041141026185999,0.05570941441126859,0.07349195733394974,0.1019131784181772,0.16712824323380576,667.4732676613796,1545.0996096439908,2317.3952643884236,3077.59747164616,644.8821576400409,1534.0106597675162,2320.144616976063,3010.731767082738,-2.5726227346529087,1.1025839276184486
/project/graziul/data/Zone1/2018_08_11/201808111907-423587-27730.mp3,1831.155328798186,157.49866719678204,39.16820563655299,6.835067236103376,0.01832524263229056,0.00011665403388245968,0.008335393312022796,0.00895739154131402,0.02500617993606839,0.11974667269477035,1.1206730953741768,0.054572224336419964,0.07378351620731229,0.10568223147992463,0.1637166730092599,673.9117730482672,1509.2879824949268,2268.27218618714,3011.867818412103,656.9134792403677,1508.235169099758,2273.943458223037,2935.9258627863346,-2.3180865553523256,0.9068714388033374
/project/graziul/data/Zone1/2018_08_11/201808111937-459173-27730.mp3,1832.3569614512471,171.3921817499977,41.86270728575652,7.06215777830251,0.020131126336532478,0.00011763183682917568,0.009314564735415766,0.01016237556336142,0.027943694206247295,0.12231541488473927,1.1515085301669792,0.057125956372999394,0.07650943717236905,0.11059809017058943,0.1713778691189982,657.6989458469687,1516.5135695265706,2256.755064443071,3002.839942064623,633.9922361725997,1518.5986301975465,2262.4853665948813,2928.4940034599194,-1.034173107468282,0.5197503737770985
/project/graziul/data/Zone1/2018_08_11/201808112007-612624-27730.mp3,1831.7561451247166,159.95754952586225,41.82652723874853,6.843561142922053,0.019263571936478447,0.00012057115655350544,0.008719152994301546,0.009370129613007948,0.02615745898290464,0.12257081212860671,1.1503097435882768,0.057292947119305423,0.07437417461107375,0.10597283654681854,0.17187884135791626,666.0732387235529,1497.599369928907,2237.2284677513385,2959.53293543928,646.4059102633729,1495.5239649408945,2235.859467972468,2893.866842892198,-1.508360483165842,0.6962694778952958
/project/graziul/data/Zone1/2018_08_11/201808112036-478354-27730.mp3,1832.9577777777777,177.61321129385828,42.68494292264982,7.047219635673539,0.01765115378071072,9.95022533630969e-05,0.008084522898468487,0.008658240588536025,0.024253568695405462,0.12213484235498615,1.1557536350869082,0.05743777681659959,0.07591829416938455,0.10885727362471086,0.17231333044979877,677.7870707026549,1497.657239825417,2246.168722315319,2980.1579014876447,660.6179632127423,1493.0974472559253,2247.2745517530616,2911.224679579399,-1.7791203543194087,-0.07656137592354821
/project/graziul/data/Zone1/2018_08_11/201808112106-478027-27730.mp3,1832.3569614512471,159.4210942717775,36.339984711251155,6.912348650450929,0.0192451767385052,0.00012083846197781678,0.008818400226286228,0.009498133979399661,0.026455200678858683,0.11743303648947076,1.1135691351945487,0.05390180872829197,0.07182609191716662,0.10196892208189161,0.1617054261848759,641.7992716466334,1481.2162988860248,2223.2516837785097,2968.298191399629,614.5170469229231,1480.3533595989668,2221.1311155796393,2903.6662972660242,-2.4729492011756062,1.6382258179418023
/project/graziul/data/Zone1/2018_08_11/201808112136-791648-27730.mp3,1832.9577777777777,161.46578985903562,41.87500313111363,5.440951760436086,0.01866570833932894,0.00011575819718771878,0.008509542845875975,0.00933365353721529,0.025528628537627926,0.1255686116119699,1.1720025518372765,0.059507541905048755,0.07920373606849496,0.11211593082291521,0.17852262571514627,700.3793051943549,1505.844083384782,2250.156100199934,2968.105628268419,678.1980692049635,1505.7019627907553,2261.2493357095545,2888.008314898737,-0.736263513784568,-0.425391728900197
/project/graziul/data/Zone1/2018_08_11/201808112206-325535-27730.mp3,1831.7561451247166,163.180698364714,35.30517411008018,5.730241391555439,0.016930644073565135,0.00010398026705325468,0.007227751970886985,0.007948005451041585,0.021683255912660952,0.12693900716059162,1.1804338431054269,0.05913621326719459,0.08010079917843373,0.11343238121996019,0.17740863980158378,728.059483109166,1544.29038737134,2285.953114545738,3004.265960653676,706.56457426055,1547.2809067293483,2299.9888072177127,2903.819873902049,-1.2265367467400075,-1.2023956134091622
/project/graziul/data/Zone1/2018_08_11/201808112236-743532-27730.mp3,1831.155328798186,153.54268213777576,37.98392745014421,5.005334793233336,0.01908691092907281,0.00012453208444339228,0.008494653659110785,0.009262249588846937,0.025483960977332354,0.12981158763700973,1.1963235461483177,0.06163780542974177,0.08176334848147729,0.11610134103963705,0.1849134162892253,723.8283893599913,1528.8574789970341,2278.079002313781,3007.07406322338,699.9625697787083,1533.860259357551,2295.9119153785473,2910.7832788242686,0.10314168152613187,-1.0877474206458007
/project/graziul/data/Zone1/2018_08_11/201808112306-56206-27730.mp3,1832.3569614512471,160.93737533716566,37.59555227485035,6.872278464361754,0.01587764635409774,9.879446022015051e-05,0.007056596851884551,0.007827782012558923,0.021169790555653652,0.12335959398282537,1.155869440682592,0.05748859689000661,0.07701218135393649,0.11040355763682945,0.17246579067001983,726.0675773191998,1500.740503017177,2272.6958441604197,3002.7385548158554,703.90449235967,1500.459870030072,2293.360584710773,2911.9824521543,-2.0611092875313464,-0.6934951061540785
/project/graziul/data/Zone1/2018_08_12/201808120005-475816-27730.mp3,1832.3569614512471,163.1471194068284,36.958049453990526,6.658210255413952,0.01717895792533759,0.00010551382454154372,0.0074857977826172165,0.008121126444300662,0.02245739334785165,0.12489212646457606,1.171406040634827,0.05836552598716315,0.07795241820256314,0.11104903031948986,0.17509657796148945,709.0887351856629,1505.8703931303762,2247.8120225440316,2968.9722805614997,688.1854633168944,1508.4700683833207,2267.1716046023057,2878.4424513955,-1.5097382876787455,-0.6855568432962099
/project/graziul/data/Zone1/2018_08_12/201808120035-587214-27730.mp3,1832.9577777777777,149.9994705453592,43.841635157379955,6.298698481699896,0.018784149241970662,0.00012578071859045738,0.008296840496190222,0.009024584212147874,0.02489052148857067,0.12416639350833594,1.1660004705014486,0.057499976669311656,0.07685116801222931,0.11356733072347382,0.17249993000793495,686.1174510548367,1501.9610431114065,2231.858441967569,2960.267836930236,657.0488870865724,1498.7852783160745,2243.2974310896243,2866.92094974445,-1.1247954155500757,-0.1580874569561853
/project/graziul/data/Zone1/2018_08_12/201808120105-889671-27730.mp3,1831.7561451247166,166.34418911286832,37.08404217060562,8.016009469126441,0.016333078016830635,9.846702945383395e-05,0.007115117185815453,0.007875321231684797,0.02134535155744636,0.12191068319121452,1.1681363540980771,0.05523741320075983,0.07597845306986269,0.11342647058543319,0.1657122396022795,673.6661079720323,1496.836182805335,2202.707514159995,2907.408666926965,643.5632369168702,1507.884898579746,2211.081495234962,2826.619620038355,-2.2308305470561134,-0.612780780418364
/project/graziul/data/Zone1/2018_08_12/201808120135-851247-27730.mp3,1831.7561451247166,163.5971967379109,39.006439157370764,8.028465343239748,0.016267482418710493,9.968557362575698e-05,0.007306883925711643,0.007753833230610948,0.02192065177713493,0.12145964459113551,1.1788133181639926,0.054521773414943464,0.07384686721305894,0.11053558195884296,0.1635653202448304,665.1577949872978,1437.839929046892,2163.1057008958314,2875.485200836823,635.4951753119512,1426.136287007372,2161.260164504717,2798.5996196089736,-2.4365350376221975,-0.2322815468989888
/project/graziul/data/Zone1/2018_08_12/201808120205-953882-27730.mp3,1832.3569614512471,166.61808552377374,50.27661547057318,8.15730306349332,0.017585193833202187,0.00010555983599321242,0.007898601567790244,0.008297200705534202,0.02369580470337073,0.12307914552499805,1.2001387163966237,0.05308678111554121,0.07185636636982831,0.10997013475785276,0.15926034334662362,644.4490592913332,1451.2233217392502,2139.4686440226496,2837.1164245580467,608.4667776156116,1429.5358739486962,2139.1211524614914,2785.2510405681714,-2.2433904268373026,0.24319417765696075
/project/graziul/data/Zone1/2018_08_12/201808120234-654163-27730.mp3,1832.3569614512471,175.2158472611659,46.267926336249396,8.505811474926416,0.017786746270373598,0.00010163039765167672,0.008055582467441836,0.008267044428239684,0.02416674740232551,0.12322726257896685,1.2054041297279559,0.05408328387402713,0.07276836607029988,0.11314671038334918,0.1622498516220814,676.0900930571526,1443.8379850509853,2105.318227814884,2818.792552588025,649.2035207275424,1439.1247738957086,2085.819243261577,2757.396281354133,-1.9385775542146695,-0.10207497547893803
/project/graziul/data/Zone1/2018_08_12/201808120304-366043-27730.mp3,1831.7561451247166,154.6404031316146,35.749592734439155,7.485255115300156,0.016012626382459143,0.00010388983402629175,0.006895872740942447,0.007566210501076354,0.02068761822282734,0.12690747247451786,1.2062066490907415,0.05694152260931629,0.07808831923662492,0.11711103641476531,0.1708245678279489,682.5699573619845,1497.6429673688913,2170.1073258079323,2880.2801108386993,647.5154935045284,1498.693824096721,2164.1368857831653,2796.269786076824,-1.5182898756938232,-1.397649652922254
/project/graziul/data/Zone1/2018_08_12/201808120334-879379-27730.mp3,1832.3569614512471,147.53824349201992,34.5952630516569,6.690011628865459,0.017442971543225595,0.00011851806883948787,0.0074098240974967405,0.008066775963657244,0.02222947229249022,0.12093281551432111,1.1445944946321787,0.056071251257149464,0.07463759743728991,0.10791359005722242,0.1682137537714484,660.9798116686768,1472.8958519249945,2187.6114891281286,2865.7204818287696,630.1085226449309,1463.9826024614097,2195.0992044890245,2802.192924665012,-2.22465584188973,0.1673169375725716
/project/graziul/data/Zone1/2018_08_12/201808120404-252508-27730.mp3,1831.7561451247166,152.96027551979003,35.817955390263826,8.134418719537337,0.014999595393677997,9.823610238065593e-05,0.006237331981983699,0.006749676741838838,0.018711995945951097,0.12024982231134931,1.1553390154210865,0.05338288696605566,0.07342350298448191,0.11367460178738356,0.16014866089816698,680.0235845254144,1457.3620445225258,2191.2581808928726,2886.386362805379,653.5216714830428,1446.4327658425234,2202.7373924080266,2817.289600909874,-3.085184649056409,-0.6354783209534512
/project/graziul/data/Zone1/2018_08_12/201808120434-891122-27730.mp3,1831.7561451247166,181.96085434690679,39.11151202478124,9.050225659428971,0.015093252298219404,8.307268789646801e-05,0.006618942553100847,0.006866314071225628,0.019856827659302544,0.11309235674972419,1.1039261572240442,0.05074620892955761,0.06671263173390457,0.09921639398675934,0.15223862678867284,680.0869187046834,1443.176505188623,2157.3296455856134,2852.0177979193677,656.3777172612376,1438.9180703841175,2155.037310108374,2776.3616866141565,-4.664888667398022,1.2098087158490816
/project/graziul/data/Zone1/2018_08_12/201808120504-981165-27730.mp3,1832.3569614512471,161.39700830283493,40.21289401427517,7.3800196953462605,0.016258307762943156,0.00010088501727890649,0.0069659446119122795,0.007587371462278331,0.02089783383573684,0.12259811619129977,1.1639691591274512,0.055876404399912996,0.07538772597069537,0.11210833488535459,0.167629213199739,653.6461043003678,1434.276211038371,2185.305878486071,2853.2313420028727,622.7478297145308,1429.1933207280085,2210.257753927591,2793.84449290287,-2.2727509621283337,-0.5887150425515256
/project/graziul/data/Zone1/2018_08_12/201808120533-329786-27730.mp3,1832.3569614512471,151.52902643318714,34.51568806551126,5.347390359018525,0.020666530718346867,0.00013699942775792867,0.009529519887557219,0.01026177862577344,0.028588559662671657,0.12713845260342937,1.1952612713817552,0.05925057778068509,0.07728412568093083,0.10739618762084269,0.17775173334205527,622.1629291787631,1397.4804616376866,2147.409277704784,2855.726808815321,590.4658051665057,1374.7315040082033,2136.542338648115,2775.467481729847,-0.23907032346572293,0.5094763126400734
/project/graziul/data/Zone1/2018_08_12/201808120603-647711-27730.mp3,1832.3569614512471,160.2876537514307,43.27549729718055,7.360146550646757,0.02239227345302404,0.00014004140055691355,0.010313971805427175,0.010979963876155399,0.030941915416281524,0.12521236966844648,1.2041483861445985,0.05774525578196918,0.07683450857865758,0.11330757198211687,0.17323576734590754,560.2920805829823,1348.5246921609269,2091.888755319504,2786.557191853481,533.7405544076043,1320.7569840580447,2056.298708804541,2707.2234985942796,0.09584679720530226,0.6595704270111922
/project/graziul/data/Zone1/2018_08_12/201808120633-901759-27730.mp3,1834.159410430839,165.00319800136162,42.50249617764674,5.333601298503045,0.025661404816523205,0.00015571387742068817,0.01227246694268367,0.012889401953911382,0.03681740082805101,0.13947189673447197,1.3160601564550292,0.06614014349389594,0.08445562979645482,0.11103608746628635,0.1984204304816878,609.2551584201649,1358.2938887839668,2080.2666811763165,2803.6098448177568,582.6095482038927,1334.2053573704063,2012.081907973509,2695.1750282856797,3.379377403027861,-0.04571961611489471
/project/graziul/data/Zone1/2018_08_12/201808120703-852547-27730.mp3,1832.3569614512471,156.11396351639485,39.116018121587516,4.997811987338638,0.024434789218411527,0.00015682615010393256,0.011267294152362276,0.012653806080613884,0.03380188245708683,0.14290064357299503,1.3138563938195407,0.0660622206465782,0.08675316896250931,0.12030714255770593,0.1981866619397346,638.2892041530347,1409.1971922519801,2133.704618369908,2801.795813178309,607.7983722033368,1416.3334092621726,2111.2114134602284,2728.7325307987135,3.559374343603802,-1.1524629330852165
/project/graziul/data/Zone1/2018_08_12/201808120733-369191-27730.mp3,1833.5585941043084,173.20960864129063,41.64848657560926,6.375198870348938,0.01897807550770569,0.0001094781339471799,0.008824740619390526,0.009112092854536609,0.026474221858171578,0.13003279817083194,1.2383158567326715,0.05846039045935041,0.08027356740122134,0.11897508776386918,0.17538117137805123,634.7956065885232,1443.4508130960294,2158.8230208303466,2837.432341358384,606.7988898471989,1438.842094708418,2170.9492783821934,2743.256473717056,-0.08962609903078846,-1.1443889622624908
/project/graziul/data/Zone1/2018_08_12/201808120803-891554-27730.mp3,1831.155328798186,158.10491279606504,40.498872525218836,6.625866035622986,0.022904658123275138,0.00014526752474637868,0.010680656016041507,0.011277447450438663,0.03204196804812452,0.12475490275225114,1.2027470026268912,0.056950649666819515,0.07614245169086194,0.11081913013654252,0.17085194900045855,587.0941091295587,1345.8014831944429,2092.3456155183303,2819.7812645368776,559.705529412908,1320.495037431149,2055.6109483759938,2739.4380058122424,0.05309920611762353,1.119386064410628
/project/graziul/data/Zone1/2018_08_12/201808120832-732332-27730.mp3,1831.7561451247166,154.41473778263293,38.335251181329475,4.36870141321948,0.022580929706537703,0.00014686535653553914,0.010717676876610165,0.011573783763555931,0.03215303062983049,0.11955466233440824,1.153951380711093,0.05564594821877122,0.07358241683971638,0.10294284822191802,0.16693784465631364,590.6951304742188,1377.8483283567123,2117.035219177272,2820.0626334823305,571.6481762289613,1356.223346878309,2082.451899961777,2746.573024645039,-0.8563344056205664,2.181593791477343
/project/graziul/data/Zone1/2018_08_12/201808120902-41159-27730.mp3,1832.9577777777777,150.06788814982377,53.235180850748286,3.6465203585040955,0.05459439481462052,0.00036597220204821133,0.027083273347170367,0.03006226319941923,0.0812498200415111,0.16143212931501538,1.4281332743275783,0.07398331931517108,0.08517545690295528,0.10240385992130008,0.22194995794551323,553.2114792538954,1396.064922077629,2048.541496001486,2777.533329636443,468.82144251241823,1363.1307336005473,2028.1487519745351,2678.970022255401,13.765068677226175,7.350697329889149
/project/graziul/data/Zone1/2018_08_12/201808120932-28710-27730.mp3,1832.3569614512471,122.58825850324412,49.341155781946505,5.904871697815684,0.029090316875609767,0.00023912567522046184,0.01359732168328571,0.015123296273885693,0.04079196504985713,0.13185588206853663,1.223071636272069,0.06337206103183254,0.08114326253143345,0.11585510606819131,0.19011618309549763,599.8302448662942,1369.591549830495,2104.7528500574736,2828.614455487181,543.5206814467671,1351.5911392513394,2075.9120674151172,2780.780983128365,3.630828105652493,1.8980346766990113
/project/graziul/data/Zone1/2018_08_12/201808121032-648578-27730.mp3,1832.3569614512471,116.4903980961397,37.445861486785034,5.246280989020699,0.02900249905292574,0.00025063241946307217,0.013891832303165706,0.014377533720075417,0.041675496909497116,0.13094117389144588,1.216649304049559,0.06191969587928484,0.07962251186276624,0.12946163803656557,0.18575908763785454,560.2024205850971,1414.5177642336557,2140.0705668054006,2880.8408927124774,522.0458441441618,1391.018358658004,2123.854861750058,2852.79919241536,3.801209567151786,1.33970270288175
/project/graziul/data/Zone1/2018_08_12/201808121102-659166-27730.mp3,1831.155328798186,159.27544458698213,41.32911872331253,7.475914204928142,0.022277210150011478,0.00014021811871841526,0.010424521861925048,0.011291803360622047,0.03127356558577514,0.12526063989601663,1.2199453631561499,0.05703988279981977,0.07608014089628684,0.11286943930276534,0.1711196483994593,610.3874366434223,1407.0267576635101,2162.716536799071,2874.6777155329,584.6095041332907,1394.5517242379942,2152.1347199878464,2816.100337928129,0.0920744339885739,0.7832927057353782
/project/graziul/data/Zone1/2018_08_12/201808121131-178650-27730.mp3,1831.155328798186,159.48957366499738,41.74878823158908,8.44173244129392,0.021436133045085466,0.00013472671709586608,0.00984746022746877,0.010604235388635398,0.029542380682406312,0.12141094124498474,1.1979298803148757,0.05491217183692891,0.07484772827296676,0.11205190128684282,0.16473651551078672,592.8527715086988,1422.453987493922,2166.468326799384,2897.197994773047,561.8484009573004,1415.2512958482125,2154.666876677947,2828.765340824098,-0.7769325367295549,0.9457985796784771
/project/graziul/data/Zone1/2018_08_12/201808121201-299397-27730.mp3,1832.3569614512471,157.71783737137,47.08876403165973,7.791947056179549,0.0222352506834026,0.00014136967076185488,0.010343622706941768,0.01097922749764401,0.031030868120825304,0.12217855261350274,1.1935973178769603,0.05550187932127024,0.07398950081746777,0.10814473960145547,0.1665056379638107,602.56461479195,1422.3692504008927,2162.733427889495,2899.8000057748895,577.8276237271973,1407.9214800595066,2155.316993917741,2838.545891210891,-0.615468805219948,1.4463242867573467
/project/graziul/data/Zone1/2018_08_12/201808121231-470585-27730.mp3,1832.9577777777777,157.24680625157134,42.153101653776176,8.344803162501618,0.020851747087471523,0.00013291331582993614,0.009500559210911643,0.01022865656487154,0.02850167763273493,0.12062073787861938,1.176739652733782,0.05432447832731658,0.07296538541486725,0.10747225400948061,0.16297343498194974,590.2576785099739,1401.5336675760584,2142.3877233014746,2875.860971067035,563.7387543868415,1388.2729242330447,2120.4016140293807,2818.6654792440486,-1.372180814931269,1.3240525419982685
/project/graziul/data/Zone1/2018_08_12/201808121301-922847-27730.mp3,1831.7561451247166,159.39840778193286,42.20223705568664,7.933342833814779,0.023318975197652896,0.00014671740245439407,0.010880324958608389,0.011733992231239604,0.032640974875825166,0.12227488851835125,1.1904800481730562,0.055959640283525826,0.07542031965062493,0.11052517134099843,0.16787892085057748,582.2349226656531,1411.3292937475749,2155.725832014042,2877.371353499562,555.5766877188225,1409.5790689542491,2143.3794541692127,2818.6042062183833,-0.1276756962651591,1.4778585927463954
/project/graziul/data/Zone1/2018_08_12/201808121331-741795-27730.mp3,1831.7561451247166,173.15362856824697,53.26295381136981,8.688382738842341,0.02018933587437393,0.00011674975341105407,0.00920012563697965,0.010192180532067802,0.02760037691093895,0.12095314431988652,1.1766214597190017,0.05429497636110478,0.07364185511918378,0.11060970713143668,0.16288492908331434,620.8409196244381,1468.6600403037062,2223.9206909806758,2931.9394062230394,596.2716945167203,1462.8081002440542,2225.251245905455,2880.7435575633813,-1.4584138197104368,0.8385521098491551
/project/graziul/data/Zone1/2018_08_12/201808121401-396777-27730.mp3,1831.7561451247166,188.0206842362522,54.22159964380677,7.898025628669265,0.019119020159059506,0.0001017800983236954,0.008841841517363721,0.009341708875657322,0.026525524552091163,0.12518628947661264,1.1949163370449687,0.05661576792494381,0.07512541530932308,0.1124091897893504,0.16984730377483143,654.566620806846,1545.4751581750488,2239.7659982487908,2935.771023089352,622.1035141397938,1538.2859519796884,2241.1919151142133,2875.083308543807,-1.156834695396073,-0.045635210335704834
/project/graziul/data/Zone1/2018_08_12/201808121430-885595-27730.mp3,1831.155328798186,194.36418244629667,49.018654476607665,8.168778010700679,0.01710625059843752,8.805268033428022e-05,0.00781704669202943,0.008118166070511558,0.02345114007608829,0.12249748101555458,1.1907110970195183,0.055121079134143346,0.07455080112946909,0.11199500946715497,0.16536323740243003,671.8043976630074,1545.0518270735552,2248.7846033873193,2931.057279587305,636.8569457046779,1548.362188849203,2257.731538255565,2862.23379657588,-2.066742236237884,-0.3693141076943236
/project/graziul/data/Zone1/2018_08_12/201808121500-665201-27730.mp3,1832.9577777777777,162.15431868590372,37.017354854748724,7.3934559668569655,0.017142441470448844,0.0001059008861526576,0.007615910306511863,0.007818709251930959,0.02284773091953559,0.12497441026187492,1.1949026264378608,0.05441012225405602,0.07356849453201081,0.11225759375620907,0.16323036676216807,656.0270283909351,1470.8979979500384,2216.1685570584946,2899.4259947677792,632.400322668557,1464.1381270323143,2209.1888568803556,2844.8851922569324,-2.0303899571939747,-0.2681536906406791
/project/graziul/data/Zone1/2018_08_12/201808121530-403955-27730.mp3,1831.7561451247166,177.52186061522815,48.86314863456367,8.700638235206748,0.01579422340089789,8.908569213164401e-05,0.007093681825307676,0.007407676658105588,0.02128104547592303,0.12098072530369547,1.1709934480696749,0.05329158799764785,0.0719841962065171,0.11123039008482401,0.15987476399294354,640.8637923408041,1507.1903440373692,2205.0653379310074,2923.1910467226207,607.2682904448097,1511.1024318523014,2191.240272158416,2873.862900201978,-2.8889864681025275,-0.225611836680682
/project/graziul/data/Zone1/2018_08_12/201808121600-852986-27730.mp3,1832.3569614512471,190.734373128493,51.92666093241358,8.841093036928816,0.016115448906503804,8.45546682881781e-05,0.007000951261787054,0.007258268090449727,0.02100285378536116,0.11585805185129171,1.1122913229484934,0.050526480601146485,0.06894580022639589,0.10435129101070995,0.15157944180343946,648.5911759022262,1532.1993585376076,2216.2950078382983,2932.5530858974653,620.7794566306666,1537.81836441768,2205.7757095043303,2864.5808147697344,-4.080518220203006,0.8714017493686216
/project/graziul/data/Zone1/2018_08_12/201808121630-876020-27730.mp3,1831.7561451247166,194.0029892426419,58.43837002299141,8.090726690548081,0.016518293963155427,8.507544550522298e-05,0.007430025206059747,0.007685933990784625,0.022290075618179243,0.12063654196127895,1.1676138421820639,0.054261020199334445,0.07306508947553013,0.10999163272922607,0.16278306059800335,655.0317593365584,1540.7782162907067,2224.0276305509965,2934.5096021853556,618.3989608347297,1542.0575435065396,2219.9097022096207,2872.862522004544,-2.6675258873916796,-0.1535381293591278
/project/graziul/data/Zone1/2018_08_12/201808121700-289658-27730.mp3,1832.3569614512471,208.00335052339528,53.73466508907727,8.663979490507327,0.018155187904313072,8.723607827950899e-05,0.008149883397985476,0.008151327069965603,0.02444965019395643,0.11896849964373937,1.1375583230708801,0.052692534922121205,0.07163546195437732,0.10673761505950125,0.15807760476636362,654.3213419417848,1543.3750141609187,2237.7404872044226,2957.3368526577165,617.9655603069207,1549.7970003873706,2233.328158592387,2888.5435864675173,-2.892401849508823,0.7211933433806087
/project/graziul/data/Zone1/2018_08_12/201808121729-506899-27730.mp3,1831.155328798186,195.43981110244502,57.27840137574112,8.22524143874359,0.018401020168522523,9.409341423059628e-05,0.008197243268194758,0.008269506985864438,0.024591729804584274,0.12255413869238835,1.1700125719444088,0.05389049236873016,0.07250697835616,0.10998962823401483,0.16167147710619048,648.7021523235065,1534.4850193550092,2233.227815915131,2963.3346126987603,608.8032382779803,1542.9148423710715,2232.2811208346448,2891.5193979193423,-2.241976337637043,0.2734574336011241
/project/graziul/data/Zone1/2018_08_12/201808121759-818443-27730.mp3,1831.7561451247166,202.9572833160734,53.68679045558566,8.71787964297006,0.01670319553446756,8.230946135855278e-05,0.007278060579081686,0.0074047969495863635,0.021834181737245058,0.12005735627772907,1.1511799773578675,0.05285697660597815,0.07191848427865946,0.11033309821056045,0.15857092981793444,648.403386123625,1534.6680179421596,2220.819576625286,2933.054884668181,616.6092662246382,1542.7161575167804,2217.635462664252,2867.08438097378,-3.0451844933571994,0.0009740108920446796
/project/graziul/data/Zone1/2018_08_12/201808121829-305744-27730.mp3,1832.3569614512471,169.91308631379877,46.20343883038723,8.26399424431568,0.017917247540100777,0.00010560368786457561,0.007989735276981873,0.008293127838327821,0.023969205830945618,0.12262060096134166,1.1756691825701768,0.0546426591020662,0.07381316391441337,0.11119621090246637,0.1639279773061986,645.068051819605,1496.0681930744965,2210.0256528658706,2902.2757633600163,614.057070302578,1487.1237906904325,2202.264306878605,2841.165451615274,-2.0222228826111905,0.054395254401447816
/project/graziul/data/Zone1/2018_08_12/201808121859-216864-27730.mp3,1831.7561451247166,157.64062311870907,38.83020679562472,8.056318768394714,0.019322628545885286,0.00012280064662805446,0.00865973741988901,0.009365088175316933,0.02597921225966703,0.1204582654025905,1.1478928206394565,0.05380145874390797,0.07260702152077793,0.10754284676537602,0.16140437623172393,629.9464015386408,1446.8284978053184,2196.0382422777593,2917.914600138617,603.0327864597416,1437.2186539228858,2193.6194945456664,2864.5001826078083,-2.0341663441845568,1.0371847819657356
/project/graziul/data/Zone1/2018_08_12/201808121929-395820-27730.mp3,1832.3569614512471,152.20810410975088,40.5607810477188,8.067636512335708,0.01858142765548916,0.00012224538215780686,0.008500207362066017,0.008756877332641055,0.02550062208619805,0.12175539927243277,1.1644391351341021,0.053343629056276494,0.07226983145363892,0.10867129422013776,0.1600308871688295,612.3313352996706,1436.2398223726243,2163.4643858461086,2878.779748401859,580.4315268387188,1434.3702156054476,2170.6535973140417,2821.38034855794,-2.0908141083443352,0.7931571290297277
/project/graziul/data/Zone1/2018_08_12/201808121959-996485-27730.mp3,1831.7561451247166,163.78424597177911,43.317697996151544,8.295931377931993,0.017215323199128395,0.00010521998114863892,0.007754513235743917,0.008228735331479308,0.023263539707231752,0.12152838388877898,1.1775143737223908,0.05266926010630235,0.07170874111611794,0.11042804006644182,0.15800778031890705,612.156961723069,1443.3886569945907,2146.907920112577,2848.633429979705,582.6759810262088,1437.5886235372204,2147.622998727885,2796.3226852409207,-2.5144352032819084,0.29737784872306905
/project/graziul/data/Zone1/2018_08_12/201808122029-650748-27730.mp3,1831.155328798186,182.63575043108983,52.539226504813136,7.929739884363789,0.018574404957285046,0.00010176183654203319,0.008417349717858957,0.008390849114968468,0.025252049153576872,0.12294126847314735,1.194152285528174,0.053946517119796665,0.07310839325595846,0.11266367783172242,0.16183955135939,659.1420662003763,1481.5983459732363,2186.7678844967536,2885.7943282431065,624.5674332411935,1475.0466883886563,2185.175679177268,2817.2648469849023,-1.8706264628650242,0.10360633975251356
/project/graziul/data/Zone1/2018_08_12/201808122058-33020-27730.mp3,1831.155328798186,214.87311438929964,48.76955388765969,9.081906754049841,0.014879936502153357,6.92622191829254e-05,0.0065230022917843345,0.006618570372525516,0.019569006875353005,0.11599777381491524,1.1243164632615805,0.04988938077323463,0.06919503206508684,0.10753930135929969,0.1496681423197039,678.7482470993288,1551.902206212519,2230.580676911345,2907.1696114271385,650.7210030960915,1563.8287411329443,2227.6035752448033,2831.127798400266,-4.337601364269518,0.2946883065980114
/project/graziul/data/Zone4/2018_08_11/201808110452-623962-26296.mp3,1828.1512471655328,159.51390980066736,35.154707566277324,6.724927435003304,0.015435488926062495,9.696237234004311e-05,0.006907877936322711,0.007738184725822108,0.020723633808968134,0.1302068068135162,1.2237561880465841,0.0591239722270451,0.07880200695356011,0.114973668003401,0.1773719166811353,679.3155948553688,1408.1022967429287,2105.215335520174,2706.915905186066,670.6447343851395,1410.1881732713955,2106.9339481573525,2712.190837660667,-1.1538941759349113,-1.67633673465982
/project/graziul/data/Zone8/2018_08_10/201808100006-791129-27158.mp3,1831.7561451247166,171.52139665559292,55.480290406870346,4.389698412525546,0.02400392939389739,0.00013975882655745554,0.0117783112120669,0.012124031490350655,0.0353349336362007,0.1397676641374735,1.2823310511448367,0.06682859692499038,0.08854604293896617,0.12010924579164312,0.20048579077497114,837.567617788394,1559.3636654799293,2302.303869100041,3124.7369609800544,822.9721562098531,1559.2602412765648,2361.827430134117,3115.643454085234,3.3858360333649142,-1.2434042527371847
/project/graziul/data/Zone8/2018_08_10/201808100035-674555-27158.mp3,1830.5545124716552,172.71383279130828,56.76900609553153,4.416834717934086,0.019951521664934146,0.00011522891888546737,0.009511995716993502,0.009513789343559191,0.028535987150980505,0.1348289960349083,1.2495639630576225,0.06493944130937554,0.08502393609687532,0.11634850674158423,0.19481832392812662,830.8982358771613,1545.0547132017032,2284.4053286864732,3079.8114748374765,823.636628262429,1538.029910837241,2353.6355798212753,3047.0702569921104,1.3387405551320606,-1.6162256642324513
/project/graziul/data/Zone8/2018_08_10/201808100105-556221-27158.mp3,1831.7561451247166,170.43268333218862,57.16148526812593,5.5665889581573404,0.019485553963916772,0.0001142302084330308,0.009236823570648197,0.009224857748038289,0.02771047071194459,0.13064148912310314,1.2146379910123715,0.0630696725783448,0.083240839601597,0.11282293172893615,0.1892090177350344,823.0270980905469,1558.1102405328215,2278.9532765870713,3067.5116106555383,813.2584205267059,1546.5967386252191,2346.9368552318438,3033.792583066139,0.48012629941495766,-1.0553519852808992
/project/graziul/data/Zone8/2018_08_10/201808100135-343055-27158.mp3,1831.7561451247166,171.7082185014337,54.356983835451665,6.062584655773517,0.018603332233775367,0.00010810781150397449,0.00869503496549294,0.008794128085289857,0.02608510489647882,0.12331342900404584,1.1606002849068464,0.05849002708655063,0.07725596473134037,0.10848350574818451,0.17547008125965188,796.1898568337822,1510.763370278994,2201.8048870268635,2987.8953862639546,784.9117546024361,1503.1436742339783,2243.218041671943,2918.807474634457,-1.265451052486139,0.01580124405842152
/project/graziul/data/Zone8/2018_08_10/201808100205-936015-27158.mp3,1831.155328798186,170.52067837895004,55.11397535878326,6.450002023802392,0.02041709592200004,0.00011964780710352906,0.009704890006598209,0.01007815941926383,0.029114670019794626,0.12464546527877571,1.177797704870141,0.058510397997075386,0.07768185543378883,0.10961189698836485,0.17553119399122616,794.866920775798,1500.7207019079049,2167.2607485656004,2962.513836221663,782.0512828861422,1488.6817062537955,2181.156933755735,2877.4805778194573,-0.5238441094337133,0.3779940362692782
/project/graziul/data/Zone8/2018_08_10/201808100235-943094-27158.mp3,1830.5545124716552,173.12939123734387,54.58333517053359,5.9386318807874305,0.02129271591120766,0.00012270383767609678,0.01043777993302212,0.010390200472905713,0.031313339799066364,0.12821828692840465,1.2060801034519186,0.061443075024440984,0.08001847899962493,0.10973046984086277,0.18432922507332294,800.5342289129608,1535.3973315130638,2197.7025097433343,2972.540822950139,792.3081856768275,1525.8377989233934,2215.4373305460967,2891.0008434837864,0.47340337117008424,0.09741582886763525
/project/graziul/data/Zone8/2018_08_10/201808100305-606428-27158.mp3,1831.155328798186,141.466915233152,59.322827668223695,3.232933196232563,0.03179932671471522,0.00022513298355770423,0.016674033017998555,0.018203688972548544,0.05002209905399567,0.1615528520662676,1.4444378937112319,0.08188008902757452,0.10209727670405024,0.14386389956182685,0.24564026708272355,794.7037605055339,1534.7807752290646,2255.7315943209965,3036.7159569046853,759.0460590738851,1530.3925687516128,2319.639007209039,3019.3115588589794,10.884811972685382,-2.971020556447036
/project/graziul/data/Zone8/2018_08_10/201808100334-764462-27158.mp3,1831.7561451247166,143.0957586756062,54.310041933502895,3.561756522639769,0.02890426255719091,0.00020237618629428869,0.014948199843358458,0.015508036148747035,0.04484459953007537,0.1503288458743652,1.366539305390222,0.07526513461520767,0.09545013122073565,0.13159758921724443,0.22579540384562302,801.8120507533481,1545.35045559579,2220.7083251859544,3002.9049781881695,782.4435619515707,1540.8012949290676,2277.504065694904,2961.1851896242756,7.635013330520012,-1.7563428715926592
/project/graziul/data/Zone8/2018_08_10/201808100404-696965-27158.mp3,758.9594104308391,166.07043667107715,42.115728802670965,5.729107115973456,0.01862142509365053,0.00011202564013773207,0.00888117235511145,0.009560738884666785,0.02664351706533435,0.12656100203273224,1.2072053711271686,0.06093668486528469,0.07969262787489206,0.10295149492465064,0.18281005459585406,815.3495142122185,1504.6688103671518,2127.274526783529,2875.3659327167866,807.861487462009,1489.0721441582261,2108.352301204255,2822.2121677955674,-0.5420797045799309,-0.0418839027058897
/project/graziul/data/Zone8/2018_08_10/201808100434-616279-27158.mp3,1831.7561451247166,125.83271724049034,50.33825630609777,4.97905639129554,0.030243622073279755,0.00024176665854518643,0.015087265055654648,0.017070002032076027,0.04526179516696394,0.14072194220544476,1.2892847215924277,0.06794231562102576,0.08866346186233041,0.1266664518044936,0.20382694686307729,723.3254574942063,1476.000600010676,2227.522070464335,3045.9376628674886,665.8599963455304,1464.3195114624996,2292.8344095386033,3035.4198123269284,6.12820820959589,0.5785995251675664
/project/graziul/data/Zone8/2018_08_10/201808100504-279813-27158.mp3,1831.7561451247166,129.3300465368908,51.83305410780009,3.9140751955339272,0.03265625881180309,0.00025396506149634966,0.01669197452477107,0.018711496654114302,0.0500759235743132,0.14656126416803003,1.3295736616634957,0.07152049230838951,0.09484095000824513,0.1381028557408487,0.21456147692516853,787.6706891172375,1520.2231474980115,2208.0531786872343,2989.773360265997,749.2015336034087,1501.2980055372252,2246.898986807344,2926.768184043013,8.366613433397251,-0.31842348452431185
/project/graziul/data/Zone8/2018_08_10/201808100534-941703-27158.mp3,1830.5545124716552,168.76464217129606,56.795968969156725,5.242221138224219,0.021635052405420987,0.00012861864015513346,0.010323128030715377,0.0113150204729515,0.030969384092146134,0.13473896982187736,1.258668255559553,0.06384002256731747,0.08352501432015114,0.11690239264273262,0.1915200677019524,797.7702421735663,1563.2675280416584,2259.2751217879418,3047.0972652062505,757.0472464145673,1559.7970241271216,2308.5262800884575,2986.1465521464015,1.759569491847348,-0.9430403250944873
/project/graziul/data/Zone8/2018_08_10/201808100604-692405-27158.mp3,1271.9520634920634,145.26270654304605,40.878180916273635,4.803869259336408,0.02125171399159143,0.00014744992021947103,0.009751448005630863,0.010549638992206352,0.02925434401689259,0.13006126160318582,1.202293647595858,0.06157799745652669,0.08099718873210024,0.11161094519526099,0.18473399236958005,779.5662848466893,1486.0861401114387,2268.5340587393403,3082.9203037139746,737.1839202665244,1492.0792820582005,2326.2438831220697,3058.7593877021827,0.668883848290481,-0.060104223944784874
/project/graziul/data/Zone8/2018_08_10/201808100633-50058-27158.mp3,1831.155328798186,155.57247513761774,45.25022696262458,6.059618318043244,0.019184484395319036,0.00012355509598458,0.008628674073556938,0.009596950524662563,0.025886022220670813,0.1332669553840219,1.2310236239968118,0.062486635487578025,0.08110838343188392,0.11513086326039239,0.18745990646273408,760.4110943915838,1489.6485105954823,2188.3931314333963,2969.9407320707865,716.1981348864582,1493.9322037770162,2210.5264290687865,2902.153216052877,0.49545566532929536,-1.180280774967789
/project/graziul/data/Zone8/2018_08_10/201808100703-744014-27158.mp3,1831.7561451247166,170.11062403553768,54.48500165356631,5.654431081780944,0.024864603009295886,0.0001466709137603279,0.012394568260404713,0.013748994498797512,0.03718370478121414,0.1406354750614245,1.2943200091062623,0.06791555706561697,0.08729144799490628,0.12054226450333137,0.20374667119685091,782.2917146562773,1530.7733609717611,2282.801953764657,3105.0628616934123,731.0693707313078,1539.3678565599114,2344.366931329768,3095.0389297693305,3.957694474173363,-0.9424253299602612
/project/graziul/data/Zone8/2018_08_10/201808100733-109750-27158.mp3,1831.155328798186,178.2387331396164,50.941326016444556,6.1767552315286025,0.019051917323894753,0.000106895869580535,0.008925632324855316,0.009428444193592702,0.026776896974565947,0.1312546022733781,1.223526886408955,0.06224589979244183,0.08156192565654649,0.11272514183352272,0.18673769937732548,772.7677755343364,1530.328252426286,2234.116671583216,3035.3457206854096,738.9339907576768,1528.5459513426,2292.0486627575756,2965.814832351134,0.2370404043650916,-1.0579345123482096
/project/graziul/data/Zone8/2018_08_10/201808100803-750353-27158.mp3,1831.155328798186,191.5275651707375,47.41280513180715,6.26717600331601,0.02029608365119326,0.00010602017824829897,0.009499891964630606,0.010004767903971888,0.028499675893891817,0.1331423980681273,1.239639263865228,0.06408072805615375,0.08372151869730493,0.11525294586663157,0.19224218416846126,782.9215015413475,1536.8513763402354,2195.147718947118,2983.7771037911643,750.2379601812696,1534.939842908689,2221.034890084024,2888.118516952638,1.0388399347951378,-1.335459855966923
/project/graziul/data/Zone8/2018_08_10/201808100833-891008-27158.mp3,538.7471655328798,187.7474762733003,45.62535952483354,6.987152472348211,0.02040220936134494,0.00010872324666019561,0.009549266474400433,0.009966935473701363,0.0286477994232013,0.13036537752535277,1.234563919029641,0.061668146670495985,0.08353557044141696,0.11623630705465642,0.18500444001148797,792.9251220871508,1528.5949147875829,2208.2452576268547,3024.274763094253,754.661345130924,1518.9131861169742,2244.4450901722885,2936.301399165082,0.6878090732218831,-1.0865848081528162
/project/graziul/data/Zone8/2018_08_10/201808100903-700637-27158.mp3,1830.5545124716552,182.78148987906755,50.52211703523315,6.7438718713443215,0.02191635205259752,0.00011996763902735001,0.01048659854058978,0.011431848130649954,0.031459795621769336,0.13470731009046227,1.2550812482434153,0.06385524079484091,0.08547578204469615,0.12176202225962925,0.19156572238452274,782.2724745757785,1530.8439779010746,2193.4249499957177,2971.2446421270943,758.4037402632009,1529.7185120887093,2231.473463496361,2885.4565437816887,1.9952409709029226,-1.366542264661071
/project/graziul/data/Zone8/2018_08_10/201808100932-407300-27158.mp3,1829.9536961451247,185.04902740494757,53.17134830022113,6.9658641096013145,0.019983436433352025,0.00010791352594126218,0.009351428078519295,0.009890047858709877,0.028054284235557884,0.13205988667822413,1.2298605152269328,0.0631938877208345,0.08305824948811046,0.11483602126066769,0.18958166316250347,781.5800489215555,1523.0510241039065,2195.588958901802,2994.487948263425,755.3057437359704,1527.079903019756,2225.8869079688375,2908.686226235355,0.7529552295989863,-1.1924433361259623
/project/graziul/data/Zone8/2018_08_10/201808101002-723724-27158.mp3,1050.5643083900227,157.9590170552806,45.98830692104372,5.626619350674896,0.021886746322712803,0.00013886407287743788,0.01045014312784879,0.011348897928387055,0.031350429383546374,0.1355659260578354,1.2578535096046453,0.06502694716032921,0.08542296770070068,0.11761712036709754,0.19508084148098764,745.5518004114259,1497.7635272800505,2207.1251612988976,2999.380505355417,714.0442795376023,1501.8835051198762,2264.027606873413,2944.2343095462898,2.1560148229047122,-1.0850121512688338
/project/graziul/data/Zone8/2018_08_10/201808101032-781791-27158.mp3,1831.7561451247166,183.98253143477802,55.62025288739933,6.471992514701162,0.020865610196022552,0.00011353564976120882,0.00995452589119391,0.010835448833510855,0.029863577673581734,0.1355378402598325,1.2717415316159444,0.06341657509809125,0.08482918398570571,0.12286791907980658,0.19024972529427375,791.4231646863303,1542.6645028085686,2225.6864795341035,2986.3426564998204,763.8871951406728,1530.8933302806813,2283.414669732544,2928.610539098774,1.7644804393938118,-1.7259399122064536
/project/graziul/data/Zone8/2018_08_10/201808101102-932251-27158.mp3,1831.155328798186,178.78653285851314,57.393610581295675,6.033868957092985,0.020391299595140803,0.00011403648240689517,0.009719124462708393,0.010650267264946845,0.029157373388125178,0.131775735992322,1.2519775958170611,0.061891365138850546,0.0806804626038859,0.11385052177718026,0.18567409541655164,793.7674614612082,1553.6745447993603,2243.846482796021,3005.872837299633,759.354337647056,1542.966952202085,2292.3118608442724,2961.3008824871104,0.7785337707501708,-0.7234795693434884
/project/graziul/data/Zone8/2018_08_10/201808101132-852196-27158.mp3,1831.155328798186,187.02450705624847,52.53393733080364,7.356876057990141,0.019079875850684398,0.00010198062007805719,0.008841888669820368,0.009239276278940766,0.026525666009461105,0.12452338987880167,1.1732922328881734,0.05872333150343974,0.07800881447143398,0.10912414664161935,0.17616999451031923,770.378204095719,1498.6637783191882,2094.9609410651774,2813.5564991693777,739.9975648758632,1486.64906661871,2039.3243538511786,2764.33808862378,-1.0100912972008063,-0.09891446843201376
/project/graziul/data/Zone8/2018_08_10/201808101202-916683-27158.mp3,1831.155328798186,208.47128819790512,59.816281997918026,7.696055816564761,0.01979669367194227,9.467880817385931e-05,0.009442184109075458,0.01019271394564059,0.028326552327226376,0.12875376373768666,1.2125258685500968,0.05890401026003152,0.08011030284822979,0.11549951717508662,0.17671203078009456,826.0792429798494,1589.3012137921014,2222.1692540603717,2894.7957888143105,810.3306945808628,1584.0305199096754,2246.6612787730796,2864.0635181118478,-0.11934504423932628,-0.6620001524186072
/project/graziul/data/Zone8/2018_08_10/201808101231-353866-27158.mp3,1830.5545124716552,170.41886485519316,49.87520448304997,5.895314382899816,0.019451572314613173,0.00011427275635262016,0.008976435825512464,0.009919441347436206,0.026929307476537392,0.1283579787361801,1.2114260100292271,0.060730512202014274,0.07960127003932359,0.11189182901360922,0.18219153660604281,760.9526318775272,1488.3954260379794,2174.532914691967,2915.2485381365404,723.810719151516,1478.5909962589567,2188.3445931406113,2862.1130476488884,-0.08773706827282093,-0.5230436067443434
/project/graziul/data/Zone8/2018_08_10/201808101301-540691-27158.mp3,1832.3569614512471,164.49429744470447,49.33380816425761,6.47203973460833,0.021077996498557294,0.00012830305334938014,0.00989477869068573,0.01075653163011805,0.029684336072057192,0.1299148710905651,1.2225794062001119,0.061142683790056405,0.08031809543686617,0.11407371928892708,0.1834280513701692,745.2095987177747,1495.1415227438163,2173.9120401392606,2940.8152194478707,709.1972339581353,1489.8268549370262,2175.3851357141803,2905.8969303862887,0.6637038935660632,-0.31759612150076494
/project/graziul/data/Zone8/2018_08_10/201808101331-564141-27158.mp3,1831.155328798186,191.07427561992375,59.4933481191741,6.715003261475152,0.022021433046631466,0.00011512360341746078,0.010661344529971487,0.011387508280243553,0.03198403358991446,0.13458220455062558,1.2736439046112815,0.06293859030919692,0.08346721277301473,0.11734032549044782,0.18881577092759078,818.5144004612091,1589.0283378971724,2254.7286667395606,2997.853491284921,799.001776632534,1583.94853822417,2304.0209594918465,2941.5455343041704,1.7488665403791166,-0.9433045266571342
/project/graziul/data/Zone8/2018_08_10/201808101401-953546-27158.mp3,1831.155328798186,184.64495452092353,47.16682671000217,5.975820613033359,0.024644537070433247,0.00013355611956258334,0.012045888881755664,0.01276645055916607,0.03613766664526699,0.13779482200252383,1.2722219278699898,0.06450806347646049,0.08628541018121737,0.12314920635158208,0.19352419042938146,823.8986936551556,1585.5497041729423,2192.8386603888116,2873.2928301544207,798.7028162613988,1577.5945576784914,2199.4223306506965,2824.0031758339346,3.103039350638341,-0.9342405955351519
/project/graziul/data/Zone8/2018_08_10/201808101431-575857-27158.mp3,1831.7561451247166,185.0335920686279,44.89097377981819,6.417269536395124,0.022431096518614985,0.00012111778908509897,0.010664749991245163,0.011360171547712187,0.03199424997373549,0.13689951956983384,1.262800182387683,0.06389323380214883,0.08572665367089499,0.1225758078440819,0.19167970140644647,832.3545519675681,1581.34238250486,2193.0381599390153,2858.6654408854056,807.2988881843386,1577.1313469639235,2195.9707304607955,2816.620809678433,2.2279140114097866,-1.4357787810888993
/project/graziul/data/Zone8/2018_08_10/201808101501-666697-27158.mp3,1832.3569614512471,176.2455555224312,48.56185243748788,6.094503337279458,0.023044162688069324,0.00013074568547404757,0.011070552392877598,0.011680179185884768,0.033211657178632795,0.13593966332928656,1.2570221878114636,0.06393766130091133,0.08534300697694615,0.12128871117250378,0.191812983902734,813.7958495142368,1555.312657910673,2189.8691637312486,2871.6996584582807,789.1087871176383,1540.5201889170855,2185.6656019843176,2824.6413152131636,2.341015520531652,-1.0612287324837884
/project/graziul/data/Zone8/2018_08_10/201808101530-775185-27158.mp3,1831.155328798186,162.8632336004881,51.90952768589154,5.750910272838046,0.023476481605407266,0.00014427356705514003,0.011425730625166301,0.012230870928004678,0.0342771918754989,0.1356640840256855,1.2526361455935306,0.06497388486528989,0.08552233701939031,0.12009568845943358,0.1949216545958697,794.3644137848621,1531.3279970519118,2172.4685229793577,2867.774537259871,764.2256785938013,1523.991676092546,2172.8660800922216,2820.282963018661,2.657878933010235,-0.7941876696816553
/project/graziul/data/Zone8/2018_08_10/201808101600-780991-27158.mp3,1831.155328798186,132.647436669221,49.345760858766106,4.971177689331793,0.02575481289569281,0.00019513524651596647,0.012808391793627904,0.014122576006710215,0.03842517538088371,0.13593983252635175,1.2545402069039315,0.06713565513649927,0.08679831870653362,0.11648851663082041,0.20140696540949782,774.5119589120361,1477.4918699288248,2200.4764451565507,2914.6398854816366,724.2748323469865,1461.719851560128,2228.9291468175256,2866.5387127403314,3.8753061482853206,0.20189995679231054
/project/graziul/data/Zone8/2018_08_10/201808101630-701374-27158.mp3,1541.9536961451247,148.3677781732534,52.900484990435956,5.440019212744181,0.025530049961438657,0.00017260341169750542,0.012806374870775407,0.014160882328958376,0.03841912461232622,0.13531899031008915,1.2531481667475788,0.06539941619350764,0.08513520102529115,0.11790750454355692,0.19619824858052293,775.0071982347135,1456.6298976745004,2128.657258235587,2845.8220727356643,737.3218656735737,1451.1248311066486,2112.9003311776173,2781.2101565956386,3.4438411989846713,0.1763807274704133
