GEOID,area
170310101001,62459.68418932094
170310101002,182419.1697215555
170310101003,124036.1666049434
170310102011,95921.35893584216
170310102012,259307.97072522368
170310102013,149216.12906990465
170310102021,184003.8903769821
170310102022,167736.91630787734
170310103001,86521.14316626411
170310103002,147069.66174884603
170310103003,104437.15867673716
170310103004,131786.04791588077
170310104001,141754.81967401027
170310104002,137990.56942464266
170310104003,264072.85556655045
170310105011,45264.83519201703
170310105012,74562.98475629538
170310105013,82306.99271828709
170310105021,89906.98513420422
170310105022,90479.4029546607
170310105031,110036.8209098584
170310105032,84176.63772479932
170310106001,162230.11344690644
170310106002,96323.0416613458
170310106003,123153.46092050977
170310106004,113308.97997406202
170310107011,180131.06662919052
170310107012,249560.5033160101
170310107021,117638.94437475532
170310107022,79468.33505304669
170310107023,98723.76785243166
170310107024,61717.30712359131
170310201001,227935.34163905287
170310201002,183202.2181533998
170310202001,308475.5197761295
170310202002,295605.72841515875
170310202003,303777.9282027269
170310202004,334081.266837152
170310203011,198897.97209404453
170310203012,311257.15596404206
170310203013,315363.2433238493
170310203021,118694.23025106089
170310203022,140430.9193336404
170310203023,380793.9380642709
170310204001,157056.9948386731
170310204002,212454.25081681056
170310204003,186061.9605277961
170310205001,138286.91254396905
170310205002,76732.40633900758
170310205003,505824.179044793
170310205004,50815.45386740501
170310206011,263854.1243502172
170310206012,204810.09568743085
170310206013,122662.66791081308
170310206021,123507.01775544412
170310206022,122593.5214626027
170310206023,122576.9299327881
170310206024,123347.60224331373
170310207011,433171.0234741565
170310207012,158221.8217494239
170310207021,230015.70545719864
170310207022,159544.0633952929
170310207023,157431.6091478886
170310207024,157329.78112161893
170310208011,163058.32820363034
170310208012,165069.6112196185
170310208013,162721.85517268453
170310208014,165100.5496767815
170310208021,160632.00812747522
170310208022,159179.42956533836
170310208023,161358.4586252469
170310208024,162845.01794887407
170310209011,163772.97836770056
170310209012,161104.4582578202
170310209013,163364.5266174225
170310209021,372728.48520697554
170310209022,129158.67107754872
170310301011,60294.697566837705
170310301012,15124.724188211452
170310301013,29074.014456848807
170310301014,23889.473792488177
170310301021,19719.88053803307
170310301022,54418.484461055705
170310301023,44135.699501152056
170310301031,39873.68130285903
170310301032,51505.30776524245
170310301041,101864.86859391328
170310301042,12388.54020683348
170310302001,163028.27155956056
170310302002,174149.19772995223
170310302003,163171.8137868185
170310302004,165848.07066886677
170310303001,156458.84461366973
170310303002,157692.23977341835
170310304001,178431.3103905165
170310304002,168057.2052883147
170310305001,127580.44376077152
170310305002,195915.7706772177
170310305003,155026.60723280572
170310305004,139610.44349587036
170310306011,35454.479114819136
170310306012,69647.3911224571
170310306013,40005.45575422347
170310306031,58042.1446699401
170310306032,57956.28925762471
170310306041,54998.2468655288
170310306042,110796.33158372989
170310306043,24031.38235021413
170310307011,69877.36153605342
170310307021,10450.80285152727
170310307022,11643.27973345028
170310307031,92528.67940015356
170310307032,11795.77617559118
170310307033,93964.99795692448
170310307061,337074.0041451373
170310307062,48373.21519879942
170310308001,143492.247101674
170310308002,140579.2763473403
170310308003,140687.25337753122
170310308004,142652.99399362548
170310309001,100957.11553621184
170310309002,103894.61908437806
170310309003,102233.31559675648
170310309004,101633.28713984728
170310310001,102248.77098455996
170310310002,147598.04674305976
170310310003,175050.69799664314
170310311001,179501.12409283457
170310311002,243686.1788894879
170310311003,126777.85754440592
170310312001,64141.399135494925
170310312002,102183.354271622
170310312003,97907.43266473232
170310312004,62240.433810571885
170310313001,377421.4204690751
170310313002,45471.29633029587
170310313003,20106.527551208244
170310313004,132503.0065957969
170310313005,56504.06792869109
170310314001,48678.35108026041
170310314002,60322.05220718268
170310314003,77000.52580625875
170310314004,850527.8921555656
170310314005,77187.23741218037
170310314006,387723.33514631976
170310315011,26917.557489564668
170310315012,78481.27312576043
170310315013,54012.31032781667
170310315021,81171.00803515293
170310315022,37337.87429360694
170310315023,43194.99931005117
170310317001,128868.34948259754
170310317002,122454.52171210988
170310317003,113693.07218684231
170310317004,112460.19873509274
170310318001,235147.8951821053
170310319001,125982.43206899815
170310319002,131686.44633617805
170310321001,129273.69258210958
170310321002,68773.99675566077
170310321003,92716.70092133518
170310321004,33025.94772395948
170310321005,107236.5762632002
170310401001,1702858.7949694472
170310401002,143799.67086770496
170310401003,155013.7803437653
170310402011,177513.33680769903
170310402012,229837.6443074115
170310402013,142097.42601554125
170310402014,171962.7601366259
170310402021,102864.33533144354
170310402022,192827.8573182589
170310402023,118436.75431942791
170310402024,174527.04201855484
170310403001,243721.1858712868
170310403002,216056.78632730336
170310403003,307672.71259971434
170310404011,98917.81950166496
170310404012,101825.20289471696
170310404013,67238.8838221448
170310404014,117814.8379225174
170310404021,99609.37361659211
170310404022,161626.78244764043
170310404023,102991.41362264178
170310404024,102562.6353212956
170310404025,135790.80208316544
170310406001,95478.20419005337
170310406002,108778.75392268714
170310406003,126999.99467463444
170310407001,84598.886364824
170310407002,84726.1230768195
170310407003,99757.75324945846
170310407004,88337.7742980243
170310408001,119739.47017715752
170310408002,109465.90586790787
170310409001,159062.43160630122
170310409002,162791.48562465343
170310501001,142672.31246228487
170310501002,191963.3103204492
170310502001,122296.08426480832
170310502002,285731.47014869587
170310502003,244220.6663681236
170310503001,125309.53198324476
170310503002,100174.30674741555
170310503003,169245.8792251957
170310505001,122406.50763414468
170310505002,204061.1301946732
170310505003,101933.6494478874
170310505004,101893.3476853162
170310505005,122283.18069092568
170310506001,166520.56707172308
170310506002,165794.08800337563
170310507001,164327.43150658094
170310508001,162817.9209865314
170310509001,162720.84157667914
170310510001,166634.6717868817
170310511001,162699.11014754674
170310512001,82049.97497969696
170310512002,82593.7394623626
170310513001,164396.44642897393
170310513002,157621.52733857994
170310514001,163002.0378424707
170310514002,195880.5493628863
170310601001,109712.4012563273
170310601002,113996.81520111195
170310601003,101836.53911212228
170310602001,158559.29728790632
170310602002,159718.53891334686
170310603001,159597.3404585205
170310603002,160246.0428310575
170310604001,130668.56668765302
170310604002,101548.79073025774
170310604003,92813.43506652216
170310605001,228282.0155135584
170310608001,51200.88308853575
170310608002,62357.7810575796
170310608003,68317.26496495517
170310609001,96134.86669843968
170310609002,259099.9537435632
170310609003,46083.64983133639
170310609004,84697.75071379541
170310609005,16320.053079766722
170310610001,172814.61284246115
170310611001,173035.21085124568
170310612001,174670.3502818263
170310615001,162911.01493439323
170310618001,82768.69864698844
170310619011,34350.10503845844
170310619012,49605.58016585627
170310619013,39369.37108954135
170310619014,37787.40990239544
170310619021,20445.72360372708
170310619022,42056.2223708801
170310619023,190825.6830182516
170310619024,22753.344221192223
170310620001,161196.42637006202
170310620002,63779.379460617936
170310621001,58640.62623735507
170310621002,56738.955710275135
170310621003,129426.41915676623
170310622001,119783.64286096612
170310622002,122539.13061577833
170310623001,163309.96693531104
170310624001,162937.4165697787
170310625001,161002.03201446054
170310626001,330019.2409405223
170310627001,101806.11080387756
170310627002,101477.20897338253
170310627003,121815.04077765907
170310628001,99127.53899857023
170310628002,101507.44225457568
170310628003,124975.5692750166
170310629001,102057.573848212
170310629002,101447.60002854138
170310629003,122231.78371823716
170310630001,161737.20122314003
170310630002,106864.75586967448
170310630003,55747.99711170222
170310631001,98223.58913090308
170310631002,61401.62637721975
170310632001,31935.501065895693
170310632002,25319.34656670309
170310632003,38645.70824342355
170310632004,181890.6942299828
170310632005,22044.538375251177
170310632006,65110.51769314518
170310633011,31095.367197811924
170310633012,36168.22874193815
170310633013,26575.325099380872
170310633021,44164.396828640085
170310633022,24034.894562650792
170310633023,26718.434584463823
170310633024,26280.62826129448
170310633031,152495.8101456959
170310633032,82955.04641920025
170310634001,102648.45239541646
170310634002,56201.707490689136
170310701011,20774.515305689536
170310701012,51016.41857689331
170310701013,596467.1254245517
170310701021,69001.41855612348
170310701022,36959.19484211877
170310701023,18741.00549590676
170310701031,35505.26983141845
170310701032,33587.20090940787
170310702001,161975.40510593916
170310702002,111163.58211283
170310702003,68265.5577174949
170310703001,187277.9704706007
170310703002,137129.55649250376
170310704001,121756.29513315788
170310704002,101364.21525007414
170310704003,101242.32066585214
170310705001,114462.4929750639
170310705002,94085.755613238
170310705003,96867.55320626782
170310706001,201803.9162772756
170310706002,141353.11930846135
170310707001,306190.8531902516
170310707002,379936.5263174144
170310710001,162376.64318960052
170310710002,162263.34034402113
170310711001,190800.191149261
170310711002,134656.82328087784
170310712001,122251.00100130524
170310712002,202950.76789493425
170310713001,146993.25130905845
170310713002,162588.50281164193
170310714001,47868.73391698855
170310714002,499914.9700606128
170310714003,41804.031605805205
170310714004,82118.22060131232
170310715001,65551.14272914243
170310715002,26018.65183321356
170310715003,656970.7605905989
170310715004,104216.10867592123
170310715005,42083.39986503407
170310715006,30819.03512345664
170310716001,162168.11108070245
170310717001,80618.12228041382
170310717002,79332.57116172001
170310718001,243267.08093737857
170310718002,80101.52510358652
170310801001,23600.840161860506
170310801002,38135.53402292517
170310801003,18760.679232592272
170310801004,63427.12674009583
170310801005,80184.88148787899
170310801006,22820.45801450697
170310801007,17753.718637661947
170310802011,58740.53574463716
170310802012,56383.57131730314
170310802013,20253.33485020981
170310802021,39617.75413117705
170310802022,56417.86720054489
170310802023,59204.73030544824
170310803001,84075.84125389378
170310803002,104356.92703959125
170310803003,93471.64174048632
170310803004,79598.26901486967
170310804001,102695.39224521196
170310804002,102329.13926265592
170310804003,122218.68087380756
170310810001,27219.11526761046
170310810002,89995.54785750725
170310810003,35883.1273053552
170310810004,21268.76924576948
170310810005,94423.96115292847
170310810006,30036.736125398584
170310811001,49491.54754966387
170310811002,26198.343058503124
170310811003,27305.28182551727
170310812011,59218.57060464999
170310812012,93419.1811785216
170310812013,32485.410733013698
170310812021,141516.84577053745
170310812022,29684.28508402283
170310812023,26507.49888477175
170310812024,28862.779015861885
170310813001,14229.69072104658
170310813002,18383.502624633034
170310813003,33788.124455460165
170310813004,77714.25582765583
170310813005,18180.26601384104
170310813006,39711.759064073216
170310814011,122897.23639038454
170310814012,158458.31352851167
170310814021,515363.13508196425
170310814022,24572.10280119393
170310814023,35533.383994471
170310814031,326614.1946102609
170310814032,47997.52626889082
170310814033,48477.93950288515
170310815001,52370.88568569396
170310815002,126924.4417578136
170310815003,116512.9722619003
170310816001,94918.5097654058
170310816002,37879.42605282199
170310817001,73533.19679748248
170310817002,298030.91097577097
170310818001,186230.2116086924
170310818002,310794.7698753004
170310818003,248690.3348316338
170310819001,137297.07304675342
170310901001,244813.52975004652
170310901002,244319.824475332
170310901003,204129.14567368224
170310901004,239294.50649062227
170310902001,278937.7270494609
170310902002,287894.3877226367
170310902003,290030.31641773926
170310902004,393938.9447694985
170310902005,278595.6423846278
170310903001,475821.0126303899
170311001001,267089.4943880652
170311001002,384006.3029003964
170311001003,161112.0553089266
170311001004,162554.73159885796
170311001005,207625.62008220592
170311002001,481629.7235944549
170311002002,256221.4299301726
170311002003,271057.98202828603
170311002004,294635.1216771151
170311002005,330494.89949136577
170311002006,232190.03431644657
170311002007,221022.39045978844
170311003001,626509.123652563
170311003002,336801.1005922178
170311003003,330021.8241309797
170311003004,380100.52490240725
170311003005,267227.80934888555
170311003006,345540.631721286
170311004001,235207.52147309773
170311004002,218804.6373380208
170311004003,517744.4234089396
170311005001,305570.38136702444
170311005002,248703.2225247171
170311005003,333480.9343480786
170311005004,399104.47476456914
170311005005,654897.8104193469
170311006001,259800.57389559425
170311006002,235324.7753134776
170311006003,259857.0987541821
170311006004,527484.3805185277
170311007001,227005.904460394
170311007002,227155.73169448145
170311007003,228894.4361067782
170311007004,224186.51178471925
170311007005,307923.7061439877
170311101001,756537.2237231123
170311101002,171954.07633188408
170311101003,124028.83993396096
170311101004,190174.778267766
170311101005,601631.1638574176
170311102001,282243.2652250903
170311102002,314004.52769818355
170311103001,249216.61648039627
170311103002,250171.41452822209
170311103003,215051.8969001069
170311103004,261813.9700093644
170311103005,234417.90346841668
170311104001,510660.4402942839
170311104002,230245.57419173623
170311104003,193069.7205133832
170311105011,188092.5582955938
170311105012,136587.1368150295
170311105013,246751.65938610025
170311105014,71986.93541566405
170311105015,148189.19455120043
170311105021,258022.5714956632
170311105022,391307.2240659269
170311201001,528139.1220947837
170311201002,339208.8250199488
170311201003,1520388.0694212855
170311201004,384128.4747483113
170311202001,522107.15997541096
170311202002,347345.642788244
170311202003,245822.65205233503
170311202004,1272725.8542081376
170311203001,274071.49835763103
170311203002,373634.7715701367
170311203003,434986.8635897933
170311203004,321093.8388843234
170311203005,315242.9186449812
170311203006,336044.03507766937
170311204001,503345.7466091631
170311204002,297222.465825262
170311204003,264131.52187982365
170311301001,245904.2423568124
170311301002,940652.5217962808
170311301003,653073.5264828353
170311302001,2079027.6681854976
170311303001,163933.27028767252
170311303002,165022.54801907606
170311303003,269374.4703104865
170311303004,122769.53353570572
170311401001,166312.15343737553
170311401002,121670.24362504776
170311402001,142699.87495289347
170311402002,102452.6810678762
170311402003,149301.2180994253
170311403011,82018.32468131148
170311403012,82109.07393254303
170311403021,81978.08152380872
170311403022,160632.42906234355
170311403023,179283.33971081162
170311404001,186208.4802479857
170311404002,165737.16045869543
170311404003,165778.31365247606
170311404004,180107.1140825786
170311404005,483727.8090097083
170311405001,142642.55004287162
170311405002,131361.5776989847
170311405003,178815.95841949494
170311406011,272125.3398905474
170311406021,40955.78163297784
170311406022,123108.87041259871
170311406023,146035.16207384912
170311406024,74282.05272865866
170311407011,146447.13264434863
170311407012,81880.79477744507
170311407021,112272.80049908967
170311407022,89389.52982422474
170311407023,123164.66767323464
170311407024,102266.27520766044
170311408001,86916.12357136383
170311408002,129094.58538564628
170311408003,158670.3275514096
170311408004,118645.06660455091
170311408005,232544.27932762328
170311502001,248523.15080845932
170311502002,436028.1097077252
170311502003,165648.974128547
170311502004,310797.31355079164
170311502005,165775.05916016217
170311503001,207488.977308712
170311503002,170079.0652750999
170311503003,124352.18994405004
170311503004,165786.7371700532
170311503005,289775.0938077724
170311503006,167822.61300236578
170311503007,201217.2057675952
170311504011,167753.69811856028
170311504012,205462.7081844277
170311504013,205456.91666412863
170311504014,159350.51446833162
170311504021,164357.34937100284
170311504022,164186.01679161645
170311504023,333967.4446112899
170311505011,326981.63770257315
170311505012,146471.20069559364
170311505013,224891.06676012068
170311505021,267792.0066080896
170311505022,169724.4511076208
170311505023,247064.7489898665
170311506001,164321.4780356935
170311506002,164084.04471472255
170311506003,163752.5609167531
170311506004,164033.32071387226
170311507001,165683.0676855251
170311507002,165386.10727455036
170311507003,168033.16492858398
170311507004,163299.12901687677
170311508001,124526.1528994276
170311508002,123474.5913789282
170311508003,165933.37528826832
170311508004,122798.64808108298
170311508005,124312.75752334823
170311510011,206417.78031805085
170311510012,123714.85789367222
170311510021,124163.55731863776
170311510022,226275.48384750585
170311510023,165921.98948680918
170311510024,120789.77381987731
170311511001,165275.2201249224
170311511002,165048.2725350861
170311511003,165138.78766424625
170311511004,165381.24455855982
170311512001,204767.931725926
170311512002,245697.23553575185
170311512003,205120.40931226432
170311601001,286452.5125013352
170311601002,307112.76617255114
170311602001,116796.07233541776
170311602002,130646.28792914293
170311602003,219039.23260501475
170311602004,490690.82695372135
170311603001,162707.22944201718
170311603002,131030.7639553764
170311603003,132435.29533190548
170311604001,264216.6229593727
170311604002,228642.06612191212
170311604003,164478.66520611828
170311605011,181186.49352757435
170311605012,164059.86103883004
170311605021,61538.11691873018
170311605022,146737.32862911746
170311605023,102609.61949926036
170311606011,122686.52959284512
170311606012,82009.42816296355
170311606013,123337.00125043328
170311606021,102054.85227939984
170311606022,102039.69892172748
170311606023,383364.8529328228
170311607001,215305.11808842391
170311607002,123157.46740383244
170311607003,205726.3431858978
170311607004,123245.28969537406
170311607005,123039.77992374724
170311608001,123187.76387215864
170311608002,123351.18334224942
170311608003,123505.22121093694
170311608004,128021.7490647678
170311608005,159562.07563446322
170311609001,277845.7151484279
170311609002,379886.117260499
170311610001,212305.3796896108
170311610002,214196.0667561077
170311611001,232692.49666386785
170311611002,344135.88183441875
170311612001,251339.12739235585
170311612002,266510.9658681366
170311613001,85515.94959902973
170311613002,121265.10037815144
170311613003,123735.68752378268
170311613004,167080.82527611597
170311701001,1014420.3732688816
170311702001,204236.4589425884
170311702002,244825.2880362869
170311702003,203981.2299740604
170311703001,650733.4641977812
170311703002,163004.37628661966
170311703003,164119.77276176878
170311703004,168019.59054468872
170311703005,253021.5520695023
170311704001,175859.0807901159
170311704002,162719.4503300968
170311704003,210650.794162388
170311704004,219792.5365577285
170311705001,644856.1210457096
170311705002,316108.0949277014
170311705003,290555.25582816853
170311705004,287991.6157560894
170311706001,246667.12600931132
170311706002,319863.6082482353
170311707001,177284.68950850988
170311707002,153920.98027538604
170311707003,248392.8583828913
170311708001,242058.1857873805
170311708002,244707.50572334492
170311708003,243559.12443371784
170311709001,320546.1784706467
170311710001,201750.5138491272
170311710002,202182.1180524196
170311710003,205065.23288255645
170311710004,205268.7483224329
170311710005,330268.3720496776
170311710006,248506.3705216514
170311711001,246726.32896410988
170311711002,246581.8081600736
170311711003,172839.4575803617
170311801001,208772.70578462968
170311801002,206645.01723024508
170311801003,205769.58840400857
170311801004,235905.0391989114
170311801005,214308.5834245149
170311901001,316149.6102729975
170311902001,164838.64507210942
170311902002,164805.68866786288
170311902003,165156.63480484782
170311902004,165308.14870823917
170311903001,164810.65103319305
170311903002,164961.2659366725
170311903003,165363.59204653115
170311903004,165167.06494262585
170311904011,327703.9244942799
170311904012,327769.3976231609
170311904021,326839.414946424
170311904022,327140.7916353155
170311906011,123294.57415789642
170311906012,369563.0159262104
170311906013,197173.7014338482
170311906021,130533.22078792
170311906022,327158.5207442228
170311906023,163661.30686919793
170311907011,144536.77921926975
170311907012,133331.03847255593
170311907021,103424.61805498904
170311907022,113428.78871418576
170311907023,166638.85426694265
170311908001,123045.68070780789
170311908002,123259.96569722472
170311908003,168532.84903895593
170311908004,123345.30621178549
170311908005,123134.04779073132
170311909001,314635.8615576922
170311910001,157413.4138464783
170311910002,276900.0500332983
170311911001,124004.13813528889
170311911002,110542.3713005618
170311911003,136822.09734132874
170311911004,124460.02103738891
170311911005,206824.42060308767
170311911006,119774.47387588082
170311912001,205891.0550147148
170311912002,499683.7675876863
170311913011,216275.3630427461
170311913012,292044.84020624094
170311913013,166672.76486583133
170311913021,342540.1642676148
170311913022,288648.8842584658
170312001001,168729.72928167527
170312001002,154300.20424281392
170312001003,261834.085585297
170312002001,211576.9774499932
170312002002,267472.1971373871
170312002003,138518.29968022037
170312002004,201116.5248845477
170312003001,104090.78246947184
170312003002,146577.71989555444
170312004011,172350.0717464311
170312004012,230464.2138293724
170312004021,160426.01115005644
170312004022,113589.84182065832
170312004023,112188.39498266455
170312101001,514313.4212272466
170312101002,184323.24107547203
170312101003,155459.9069981955
170312104001,194889.3768979957
170312104002,226661.265667851
170312105011,102600.16848558048
170312105012,210477.4762495325
170312105021,146294.2396933127
170312105022,99698.39965715098
170312105023,99952.32500981502
170312106011,79192.30523457774
170312106012,81450.1946234614
170312106013,113010.37943200486
170312106021,123648.97274337227
170312106022,99817.05403853944
170312106023,157924.60148571953
170312107001,125537.3483379966
170312107002,123843.91182768402
170312107003,247923.7227056629
170312108001,162931.14808641243
170312109001,422711.84673603217
170312109002,147856.5876531766
170312203001,203223.3560435256
170312203002,122871.7179580292
170312204001,144630.2334223821
170312204002,184918.3819271917
170312205001,124617.52167637144
170312205002,132449.81669855534
170312205003,77854.4657764422
170312206011,76233.65555506731
170312206012,112885.85842537494
170312206021,63937.41883086906
170312206022,64014.8717271326
170312206023,107145.64217930188
170312206024,146913.04918738277
170312206025,82097.49752097206
170312207011,72135.48895914834
170312207012,71990.54349903863
170312207013,122258.35098677636
170312207021,92851.96540398504
170312207022,316814.0166558734
170312207023,72926.79430909429
170312207024,92601.9635467472
170312209011,82556.02762467795
170312209012,82548.62807249614
170312209013,128181.17120557892
170312209021,165356.39922954436
170312209022,164948.73805665798
170312210001,109917.40085003582
170312210002,110131.22610344384
170312211001,166445.35854890232
170312211002,163662.14892657398
170312211003,109935.69689307745
170312212001,183045.336791496
170312212002,147376.44742652224
170312213001,141580.9150558729
170312213002,108274.0709731188
170312213003,80251.72346916498
170312214001,131433.5436242691
170312214002,96312.74143513804
170312214003,127286.30005649774
170312215001,144696.45343492617
170312215002,160205.34728566126
170312216001,170013.13039036255
170312216002,157542.39172998033
170312222001,117953.1334090642
170312222002,113120.09556589962
170312225001,158353.5583413239
170312226001,160602.97872111958
170312227001,113475.60213171088
170312227002,111458.30751119842
170312228001,111384.86271550492
170312229001,218386.048719304
170312301001,166340.56860871887
170312302001,214285.928507276
170312303001,106481.05528631638
170312304001,169541.52021727146
170312304002,168976.56827089514
170312305001,169626.38821267834
170312305002,356967.9302774216
170312306001,102145.88865899126
170312306002,122788.82693366756
170312306003,101693.46205492497
170312306004,102287.3658329264
170312306005,122989.62868146786
170312306006,458982.5947746608
170312307001,162422.12539825024
170312307002,161676.32174630693
170312307003,157727.64733128238
170312307004,165265.9928470379
170312308001,204403.449633944
170312309001,164940.062193484
170312309002,164021.0172366989
170312309003,122761.2191266518
170312311001,176381.8955609799
170312312001,123014.37121811604
170312312002,123090.920451268
170312312003,123199.05759850897
170312312004,122959.0038732548
170312312005,164417.44452102142
170312315001,123537.94496156278
170312315002,125998.03635827024
170312315003,126003.60867579696
170312315004,123860.27147595436
170312315005,252170.87719941
170312315006,248139.5909624468
170312402001,166088.0757738711
170312403001,166318.20733945823
170312405001,233796.6046544264
170312406001,165381.97920889966
170312407001,165873.38820886312
170312408001,72729.0855703105
170312408002,96167.79425767604
170312409001,1000372.8257595964
170312410001,102253.13604400502
170312410002,105258.43720515951
170312411001,165609.1144501751
170312411002,165204.6232575673
170312412001,163883.75695965832
170312412002,164238.60690414577
170312413001,164087.0036731859
170312414001,140894.53821381167
170312414002,101841.96735250452
170312414003,125269.22456673037
170312414004,150617.93997373618
170312415001,102086.63326135844
170312415002,82202.08090839877
170312415003,118182.42197323068
170312416001,129931.45618857729
170312416002,163999.83302871507
170312420001,124065.13283745674
170312420002,123021.6791438611
170312420003,79671.30545332875
170312421001,82169.00607926463
170312421002,81867.80743750963
170312421003,163943.79136886745
170312422001,163378.57620598274
170312422002,163609.03402386318
170312423001,163982.507354831
170312423002,164334.337709107
170312424001,164029.32200639675
170312424002,164021.35698269954
170312425001,165238.14597190195
170312425002,144574.15408848846
170312426001,124425.87931464455
170312426002,123912.2806732103
170312426003,123994.81213761892
170312426004,103409.38082902996
170312427001,175572.29518911894
170312428001,439629.2003722776
170312429001,164112.03676147223
170312429002,159708.4802036461
170312430001,98508.47394782616
170312430002,226037.58393912905
170312431001,123241.15782660678
170312431002,200763.67588374607
170312432001,122781.18399883162
170312432002,201070.102430213
170312433001,81886.02506164445
170312433002,245206.7656506136
170312434001,124227.48843294635
170312434002,79055.58599294865
170312434003,125872.85777157672
170312435001,267943.10237964045
170312435002,389272.0454767406
170312502001,329121.92496442224
170312502002,170080.9404837616
170312503001,285636.79270961066
170312503002,123687.25621554368
170312503003,146820.77813578778
170312503004,61182.47398951984
170312504001,344688.34940222534
170312504002,179760.01386698647
170312504003,126673.49529541915
170312504004,122259.8628592282
170312504005,536454.5829067589
170312505001,459691.35515228176
170312505002,327314.9279337894
170312505003,245813.88348612105
170312505004,246478.4015686544
170312505005,247524.1605017897
170312505006,165377.3443507756
170312505007,369257.7931518893
170312506001,162009.42207751394
170312506002,161858.604286276
170312506003,161926.6166191983
170312506004,161969.0052815386
170312507001,124995.97452184082
170312507002,106509.56254188552
170312507003,123669.01852736234
170312507004,112986.18702870376
170312507005,194156.62460392987
170312508001,328577.8933511723
170312508002,246131.71144229907
170312510001,466956.4025617629
170312511001,124323.9168329698
170312511002,124280.40516592172
170312511003,123535.8488295996
170312511004,124311.4128403036
170312512001,123000.73130961272
170312512002,125901.46764473835
170312512003,142896.25457321364
170312512004,270491.25442032085
170312513001,122434.31149397732
170312513002,122552.251145358
170312513003,109112.58322286337
170312513004,122663.2121022792
170312513005,176693.26033453952
170312514001,121020.97732995106
170312514002,130949.5669980887
170312514003,171544.71452246627
170312514004,264359.6277083814
170312515001,128798.358714959
170312515002,157958.8049329806
170312515003,129420.31892431596
170312515004,267750.5320093203
170312516001,163770.95744623893
170312516002,156457.76677338156
170312516003,160556.986947598
170312517001,486655.8292118355
170312518001,118772.59240949464
170312518002,217014.4665384916
170312518003,330069.11795553635
170312518004,163885.9467626191
170312518005,167999.52755925618
170312519001,117328.32113145756
170312519002,207718.1776409752
170312519003,133123.69563896317
170312519004,174279.3041953272
170312520001,134188.92149063197
170312520002,177790.3333598681
170312520003,180118.55272886984
170312520004,132493.365944242
170312521011,854271.3926632213
170312521021,163935.807306705
170312521022,163313.38322426478
170312521023,171756.25632539857
170312521024,169479.60389091962
170312522011,99031.4064271978
170312522012,94450.72143040333
170312522013,193305.58628826507
170312522021,165140.30635142446
170312522022,69185.8396727508
170312522023,190166.0442595225
170312522024,72493.2131205009
170312522025,140461.11986276237
170312601001,325451.78643352096
170312602001,328452.2250709092
170312603001,329188.9405312486
170312604001,328224.9392311772
170312605001,337552.8418296318
170312606001,124291.11293170085
170312606002,194532.99470156
170312607001,124276.8837122037
170312607002,204923.3460109616
170312608001,162505.31413804172
170312608002,166440.3489134325
170312609001,127954.90633168694
170312609002,100241.43208863366
170312610001,269396.53185399086
170312610002,229637.671517238
170312705001,561347.3519295555
170312712001,329808.5039882979
170312713001,327412.2384380338
170312714001,328374.29519702465
170312715001,162819.49135082465
170312718001,205983.66555565892
170312801001,310814.2013402998
170312801002,283468.80993495416
170312804001,502193.8236252584
170312808001,237357.09970800224
170312809001,114688.99648047647
170312819001,264132.69302934204
170312819002,17443.9763698903
170312819003,157191.58656610973
170312827001,208560.83783714005
170312827002,230734.8500608392
170312828001,164404.4171757441
170312831001,107442.24981830009
170312831002,104995.56457836366
170312832001,236546.85913268145
170312838001,141255.3587851877
170312838002,234983.0192070291
170312909001,164715.71469554977
170312909002,164693.6557581384
170312909003,247352.02964056144
170312909004,415031.0490843957
170312912001,164612.82677826396
170312912002,164526.7790527994
170312916001,220340.21144439
170312922001,113920.7654636512
170312922002,174269.9860675034
170312922003,105970.47568394452
170312924001,110286.00716425128
170312924002,220372.7832312967
170312925001,173005.55822548977
170312925002,151440.3979311386
170312925003,123823.47176614447
170312925004,528714.604764801
170313005001,105841.54297772989
170313005002,165190.14317338078
170313006001,163267.89174759542
170313006002,164913.28853200917
170313007001,165348.16498262927
170313007002,82158.42397384407
170313007003,81620.12742132382
170313008001,163069.77772584444
170313008002,162776.8894583085
170313009001,104625.57232804984
170313009002,164098.1910567634
170313009003,58576.28239072669
170313011001,119302.46150813416
170313011002,92122.06994189236
170313012001,255138.65264199892
170313012002,100083.1834702338
170313012003,126979.61190610303
170313016001,164658.7179051063
170313016002,164857.27493632963
170313017011,103296.76938632216
170313017012,103176.9090619864
170313017013,124299.30136154949
170313017021,123972.85843821651
170313017022,103675.21397291849
170313017023,103342.98660455912
170313018011,92839.39511076636
170313018012,601331.494617183
170313018021,81860.9412370632
170313018022,146811.02453272435
170313018023,116338.49380124176
170313018031,113658.9576880178
170313018032,165254.62707330816
170313018033,72138.00151331934
170313102001,193744.1112009327
170313102002,126828.08313717238
170313103001,318569.21603429224
170313104001,124462.70986020034
170313105001,161939.82366606663
170313106001,173475.94738941308
170313106002,122890.96169986832
170313106003,246923.06877623568
170313107001,160036.1474790697
170313108001,83110.33327702394
170313108002,83368.01506887621
170313108003,166303.94082678392
170313109001,244865.6754471725
170313109002,103763.26101602968
170313109003,136280.79251172426
170313201001,405959.0816824165
170313201002,278256.86707869056
170313201003,121322.14749060047
170313201004,160942.96200661254
170313204001,805541.1343570361
170313206001,452382.3850894992
170313206002,159194.50261069994
170313301001,147887.49753649195
170313301002,320944.077453409
170313301003,323691.53375691245
170313301004,1990297.7625633315
170313302001,69413.4668698294
170313302002,722048.0827410133
170313403001,213541.9393436901
170313404001,290313.48162258894
170313405001,435449.1266559
170313406001,474810.1832072891
170313501001,292252.4183098517
170313501002,274279.0852197861
170313504001,201454.0062521408
170313510001,397661.02500957047
170313510002,137402.3719863275
170313510003,287279.4503641006
170313511001,80349.26016202354
170313511002,156158.875999686
170313511003,110757.23092954536
170313514001,323957.6462292344
170313515001,87123.9800631878
170313515002,79097.1869801239
170313602001,232044.9975423224
170313801001,438045.0638343464
170313802001,90811.05346393202
170313802002,124318.71552361696
170313805001,191450.18408413965
170313807001,244481.62112956785
170313812001,65763.05615041209
170313812002,192788.1364142377
170313814001,316691.63760921825
170313815001,108676.05883058636
170313817001,196801.1574427147
170313818001,187124.3530563988
170313818002,132242.00702398468
170313819001,88379.51768482522
170313819002,84312.51107335128
170313901001,482375.9461147149
170313902001,140052.96880708524
170313902002,163740.6093905278
170313903001,62765.59430579829
170313903002,264283.3315468746
170313904001,147118.6582666215
170313904002,179185.0051927424
170313905001,326518.06535806804
170313906001,134572.70453412054
170313906002,190055.7971398481
170313907001,363179.0510101604
170313907002,155973.38523026262
170313907003,90379.36367545863
170314003001,1464550.5811477648
170314004001,217778.4160232622
170314004002,109164.76402682211
170314005001,189606.2631057943
170314005002,136542.37305804534
170314008001,244685.4699608848
170314008002,248630.02245968903
170314101001,63054.2385420826
170314101002,164482.53702793707
170314102001,64827.17235396413
170314105001,140995.65167671756
170314105002,122014.3690287933
170314106001,126511.33216252358
170314106002,125733.74849622374
170314107001,259921.7027401001
170314108001,120686.1475380222
170314108002,128833.56797201022
170314109001,43514.706955596754
170314109002,74994.98835469835
170314109003,266962.74122714176
170314110001,203383.78682710265
170314110002,459308.98942440667
170314110003,167371.20827176535
170314111001,118261.52987775856
170314111002,165022.6864265463
170314112001,160651.46016723162
170314112002,242340.6008340548
170314201001,832417.123077829
170314202001,277261.5764840028
170314203001,245119.4106025082
170314204001,245126.8148702245
170314205001,122671.11338851276
170314205002,123308.02978301868
170314206001,121874.04810415865
170314206002,121731.4731339691
170314207001,122487.69845726193
170314207002,122490.6803501089
170314207003,122210.54521640402
170314207004,121743.67947342634
170314207005,161595.44869639428
170314208001,183847.1929732641
170314208002,163753.80268198758
170314212001,146528.12877990777
170314212002,179218.26041797546
170314301011,82349.77938348457
170314301012,80081.94652593619
170314301013,82601.34256246778
170314301014,82051.37305935747
170314301021,336247.6251259486
170314301022,53465.26417597205
170314301023,55027.169263049225
170314302001,124057.15608901574
170314302002,122142.67663799076
170314302003,161460.79493518436
170314302004,131564.1804684466
170314302005,122121.2925306129
170314303001,162952.5048855364
170314303002,103888.03124123711
170314303003,139290.9354261373
170314304001,126975.88648112792
170314304002,119457.19811045604
170314304003,146804.47563961058
170314304004,154768.23768233106
170314305001,105023.49660296456
170314305002,105165.15174639496
170314305003,132643.14147641222
170314306001,169390.63941416616
170314306002,163971.6033151729
170314307001,85104.53786732242
170314307002,102880.56822243368
170314308001,163918.4573324816
170314308002,164153.6355245285
170314309001,168308.54295063543
170314309002,168205.5734380285
170314312001,327555.6161461842
170314312002,327740.8673671868
170314313011,143109.05707379355
170314313012,130437.8861714482
170314313013,130477.1507905899
170314313021,159984.8219015037
170314313022,122874.54895888868
170314313023,154561.87369572712
170314314001,167535.51069299295
170314314002,274157.7447067565
170314314003,579371.1533730126
170314314004,30111.12721750959
170314401011,145946.91848148813
170314401012,62433.455722702245
170314401013,43786.44324095806
170314401014,124839.44295974472
170314401021,319011.6869906231
170314401022,122362.87574043711
170314401023,124043.84346616892
170314401024,62086.19133209448
170314402011,122730.26054283608
170314402012,183966.36791111235
170314402013,76821.95164932689
170314402014,147935.35003278052
170314402021,208066.89742050885
170314402022,354919.3447698009
170314402023,218711.9247431084
170314403001,213002.3192795028
170314403002,433245.25973097136
170314403003,218144.4917765294
170314403004,218046.4723465809
170314403005,212668.97092440948
170314406001,286673.66571800224
170314406002,379946.112864708
170314407001,163619.06347021338
170314407002,163842.00989600236
170314408001,149534.03250068604
170314408002,129590.29883787985
170314409001,204264.7712638939
170314409002,225323.2049287521
170314409003,313042.1442380586
170314503001,523007.0854962721
170314503002,247157.69823365723
170314503003,425916.2142384611
170314503004,170685.60213213673
170314601001,2661418.0399472667
170314601002,122140.89747274888
170314601003,122390.31826642992
170314601004,122285.95829329731
170314602001,183146.8080284033
170314602002,417135.49714886537
170314603011,163240.7593557349
170314603012,163136.46182600036
170314603013,159234.87595217218
170314603021,122194.14740695748
170314603022,122319.61712453498
170314603023,159615.95269372952
170314603024,244704.6333347956
170314604001,162814.54700443937
170314604002,163165.9631797132
170314604003,163344.51814782538
170314604004,163203.32281932596
170314605001,163821.3167720007
170314605002,163420.26940042272
170314605003,235038.40441211223
170314605004,155088.4502081324
170314605005,155785.20964292233
170314605006,174806.84674213643
170314605007,229268.7982639047
170314606001,260610.69693708795
170314607001,189666.12637141903
170314607002,116613.7735910872
170314607003,116342.0752305506
170314610001,621453.1232677534
170314701001,578659.148560168
170314701002,1010363.7582049504
170314801001,246806.0555792395
170314801002,412811.6250062875
170314802001,124758.0791677206
170314802002,161347.84492745367
170314803001,210333.42095346967
170314803002,205400.70255657745
170314804001,205062.29596265053
170314804002,205294.9707920616
170314804003,479620.8654891385
170314804004,229432.8273878582
170314804005,228999.44071034883
170314804006,229016.3081388919
170314804007,232474.8901403724
170314805001,246818.7129110511
170314805002,610571.1114427162
170314805003,506094.7513839745
170314903001,310658.5431499232
170314903002,322022.58700662386
170314904001,237759.5899962281
170314905001,958354.4079070694
170314905002,467535.4220484638
170314906001,683114.4209142522
170314907001,161047.1025630321
170314907002,161884.891272602
170314907003,316878.5769083531
170314908001,249624.1633410816
170314908002,182797.50584305657
170314908003,318453.7654269475
170314908004,164203.77991630454
170314908005,164173.41678866124
170314909011,248800.1670744357
170314909012,288923.7106121895
170314909013,307726.933985727
170314909021,249104.37741895928
170314909022,450245.2093160361
170314909023,267288.4021868422
170314909024,229433.5379629463
170314910001,160277.41163935146
170314910002,281947.5505151934
170314910003,191461.48775688035
170314910004,281410.3201106432
170314910005,362882.64820035856
170314911001,219325.9953920854
170314911002,224954.6650233369
170314911003,224369.5506255968
170314911004,326545.85592483275
170314911005,326754.20770213654
170314912001,242881.3997763628
170314912002,203417.874063311
170314912003,203196.8904734515
170314913001,161476.75740035227
170314913002,161275.93096484014
170314913003,161467.94268411022
170314913004,161809.23333163792
170314914001,159581.31201764513
170314914002,260555.75451302968
170314914003,409730.4660757476
170315001001,202421.89638733148
170315001002,314177.8328412087
170315001003,384488.1323849713
170315001004,1751632.1444096346
170315002001,619397.6844077614
170315002002,1423018.0019871306
170315003001,467537.080220166
170315003002,241633.4318172336
170315101001,433873.2988592808
170315101002,1933863.1430693725
170315102001,368741.7727396065
170315102002,235849.75025034675
170315102003,673353.7198178982
170315103001,372671.560201546
170315103002,491694.2265590161
170315103003,1523270.5897625752
170315103004,569664.2517538473
170315201001,2652831.7497550915
170315202001,105554.30081305762
170315202002,530570.3902583881
170315202003,581573.3889031545
170315203001,203318.9247104276
170315203002,203810.96636393692
170315203003,203495.15753532844
170315203004,347726.0657111622
170315204001,179454.9570508119
170315204002,198761.5162544048
170315204003,162354.11476087477
170315204004,184180.0259242924
170315205001,242890.6004713406
170315205002,470432.0467184068
170315205003,335754.0955857852
170315206001,1089381.0194221756
170315301001,397145.6816710736
170315301002,252790.87926311785
170315302001,242976.82653097488
170315302002,161661.51225914664
170315302003,163724.5813198294
170315302004,404198.8057981191
170315302005,324783.87592842994
170315303001,327287.4554579849
170315303002,328249.2891468782
170315303003,327216.24348842714
170315303004,325442.86060690176
170315304001,722686.8368559069
170315304002,589114.9435039696
170315305011,364029.8614110953
170315305012,364558.9059562146
170315305013,243526.90783596435
170315305014,324376.1373410976
170315305021,785131.2543083451
170315305031,485490.1672742902
170315305032,629707.8107590751
170315305033,533940.4678327275
170315306001,565393.182696352
170315306002,259456.232144195
170315306003,204176.53338121047
170315401011,1944693.139968204
170315401012,352655.22677314724
170315401013,397676.3562811593
170315401014,1148402.289554418
170315401021,4437453.331218199
170315401022,658984.349955564
170315401023,200617.1496255884
170315501001,4381000.174371323
170315501002,981221.8117632676
170315501003,375429.4612956742
170315501004,204383.00655354292
170315501005,1981550.013789391
170315501006,371371.4237325245
170315502001,630125.0342070101
170315502002,4730598.609913741
170315601001,730721.4107781618
170315602001,253199.6193797347
170315602002,80871.98962565277
170315602003,326010.81438137643
170315603001,326897.6856065277
170315603002,326950.10974962
170315604001,339634.18277586414
170315607001,241272.97357957784
170315607002,419966.2669042068
170315608001,330222.3484763511
170315608002,331276.83629632404
170315608003,232888.88363482527
170315608004,178878.57781201968
170315608005,247867.3312721032
170315609001,248617.5594822756
170315609002,166127.3794118046
170315609003,248511.5752946188
170315609004,248069.3560089118
170315609005,177628.60550790463
170315609006,220683.84446752848
170315610001,247947.91732342032
170315610002,165036.0715059211
170315610003,247263.3201882306
170315610004,164694.3223728107
170315610005,249307.0875396319
170315610006,254007.00513411555
170315611001,247964.22785887372
170315611002,165676.1743980522
170315611003,165369.43640441616
170315611004,248032.1755774056
170315611005,247870.5082677047
170315611006,247079.04178197225
170315701001,1523744.455748148
170315702001,1763886.113412283
170315703001,165555.12640948326
170315703002,165582.1190843312
170315703003,159249.1444811119
170315703004,489786.77647278376
170315704001,117021.506239609
170315704002,346369.2519664195
170315705001,179967.71382931442
170315705002,243629.69038580052
170315801001,480710.36079112376
170315801002,282626.2821990163
170315802001,502733.2600933883
170315802002,227088.37443951028
170315803001,471020.62989329
170315804001,885510.7288044777
170315804002,132604.63451837856
170315804003,149414.59809991097
170315804004,148587.8917634229
170315805011,123171.81339785473
170315805012,103888.61687915372
170315805013,142867.36793127283
170315805014,122190.85073079358
170315805021,124101.039147131
170315805022,123131.88650864136
170315805023,247185.36978547616
170315806001,102961.33305021368
170315806002,143176.57368838348
170315806003,123356.16577385792
170315806004,123292.59282871264
170315807001,121910.45162364138
170315807002,306861.7048293785
170315807003,121347.86528563227
170315808001,183294.58271701704
170315905001,596327.0921874725
170315906001,123145.12228363608
170315906002,102836.36125580424
170315906003,122001.43305948484
170315907001,163898.082742706
170315907002,718545.9711128593
170316004001,102865.93923244694
170316004002,102199.40363656195
170316004003,122166.16050153266
170316006001,179551.7099352987
170316006002,226245.4025163196
170316007001,124351.80454700832
170316007002,362754.5557799695
170316009001,90883.54323263622
170316009002,114562.4691103536
170316009003,61240.89792899412
170316009004,115633.60750983404
170316103001,861039.945487504
170316103002,266338.212603896
170316103003,1256279.0708858264
170316104001,163181.27472276826
170316108001,331962.9041024155
170316110001,571301.0476740223
170316111001,102086.83024930712
170316111002,102112.8429578122
170316111003,122581.74961875884
170316112001,102202.64293434496
170316112002,224837.0407022956
170316113001,102182.93088990707
170316113002,102337.2879739401
170316113003,122510.41668423064
170316114001,102026.49283369086
170316114002,122561.20553647052
170316114003,102031.42331462978
170316115001,86306.10805619418
170316115002,401494.0532194912
170316116001,172059.33080510297
170316116002,143077.78725654932
170316117001,102924.58789796512
170316117002,102958.49974270056
170316117003,122427.69418951696
170316118001,225324.7724789352
170316118002,102481.60793149254
170316119001,265431.6948659257
170316119002,388114.7290663438
170316120001,122225.75127330756
170316120002,203687.0156064597
170316121001,326355.4713639649
170316201001,383364.5359983724
170316201002,288020.8344480096
170316201003,166194.99570193453
170316202001,360417.4489965772
170316202002,216641.03703340984
170316203001,164445.4253511663
170316203002,164511.389985975
170316203003,164454.60998150968
170316203004,123431.23669104309
170316203005,186583.88703596336
170316203006,188756.00020246755
170316204001,162505.8889981447
170316204002,164999.34444216057
170316204003,164787.80248888375
170316204004,163989.70308829463
170316301001,508069.8668213155
170316302001,634189.2693016327
170316303001,247990.703067585
170316303002,737498.4638154575
170316304001,164667.17416411018
170316304002,164437.93377146043
170316304003,164491.83223164311
170316304004,164652.31911358045
170316305001,164791.0832280868
170316305002,164272.35260456832
170316305003,164174.33416700864
170316305004,164421.26220545694
170316308001,163973.87921955774
170316308002,163941.71688211104
170316308003,163917.71122078187
170316308004,163979.35968817584
170316309001,205603.60273768727
170316309002,184957.0854507765
170316309003,269197.28672658047
170316401001,305457.6921037407
170316403001,124299.63852415665
170316403002,165617.4526174373
170316403003,165285.9458304284
170316403004,356763.9963424888
170316403005,165653.3351151832
170316403006,347031.1886509088
170316404001,330953.9658915916
170316404002,1003978.599203279
170316405001,330505.5795643058
170316405002,331045.1493064893
170316406001,164655.42029106987
170316406002,247255.5150044033
170316406003,247726.7574601053
170316407001,164636.59482619603
170316407002,194170.1808158777
170316407003,134247.0561065961
170316407004,164005.39053596527
170316408001,163948.21873991648
170316408002,162814.10241839202
170316501001,171840.92411805864
170316501002,171643.14302028847
170316501003,164921.60488822075
170316501004,165016.2284308445
170316502001,205590.66155536487
170316502002,205192.2825405969
170316502003,164486.2776688663
170316502004,164696.19147161095
170316502005,126724.0862886657
170316502006,124383.11240962204
170316503011,245924.3248799208
170316503012,288127.734287417
170316503013,225852.38822323724
170316503014,225648.45475089308
170316503021,312864.66439198784
170316503022,348979.5153716923
170316504001,166415.77349268342
170316504002,156961.23970203547
170316504003,346965.50130132725
170316504004,222125.045882024
170316504005,206162.63043529028
170316505001,188459.2950989152
170316505002,204981.1030611861
170316505003,2852630.0228207707
170316603011,163781.63236978525
170316603021,123052.25126207295
170316603022,122842.23339823404
170316603023,123083.23969709311
170316603024,122861.03001797768
170316604001,163232.9917586141
170316604002,163086.2417554939
170316604003,160083.59385464006
170316604004,159244.62353884906
170316605001,163451.78745985206
170316605002,163262.89984978028
170316605003,166371.16704236914
170316605004,166271.72700877345
170316606001,123039.88451509176
170316606002,124135.0119015192
170316606003,124003.31498507025
170316606004,123094.45135460944
170316606005,164336.0423520535
170316607001,259161.7701422842
170316607002,221520.39563384303
170316608001,123232.85387756545
170316608002,122094.44649873897
170316608003,122255.56089339692
170316608004,123019.07789923472
170316608005,164787.17207917193
170316609001,164628.4686704608
170316609002,164403.43958675777
170316609003,1643960.6581782403
170316610001,220708.9862588752
170316610002,247947.66930577485
170316610003,180772.2926537946
170316610004,184609.65014131268
170316610005,284923.58489306574
170316611001,164775.4154904375
170316611002,571657.267183037
170316611003,164747.99940640302
170316611004,163007.47960310054
170316611005,235242.63276070272
170316701001,163443.07045623107
170316701002,163451.62149073317
170316702001,326543.3871690449
170316703001,163307.96363235
170316703002,163021.38283560687
170316704001,326420.36331613484
170316705001,622493.4715112692
170316706001,163179.29214357113
170316706002,163854.47333985157
170316707001,162969.784809312
170316707002,163758.43483095008
170316708001,122164.08822844176
170316708002,204135.21472664792
170316709001,124490.3117002615
170316709002,201798.71692519667
170316711001,245196.4462228072
170316712001,124079.64974467286
170316712002,120840.59366101708
170316713001,241231.85985753703
170316713002,121667.56088884432
170316713003,121760.84130890518
170316714001,287086.114085266
170316714002,208538.337143277
170316715001,163576.0492929583
170316715002,290934.14049953
170316715003,286736.2946613694
170316716001,122196.87212386276
170316716002,162474.63449131194
170316716003,122497.261119347
170316718001,324236.4215001859
170316719001,322061.33759038965
170316720001,185144.8737087281
170316720002,183935.72292713533
170316720003,184726.55525954725
170316720004,441285.9956897227
170316805001,102221.63727394376
170316805002,224637.8044879771
170316806001,102278.45686257308
170316806002,224186.2119470297
170316809001,310909.41630067525
170316809002,238012.61566881745
170316809003,221281.83456668584
170316809004,262676.251075278
170316810001,163111.81235976063
170316810002,124829.78407507164
170316810003,122401.09838538594
170316810004,242124.37741573824
170316811001,122076.16772906316
170316811002,122357.95368007572
170316811003,122162.7808457399
170316811004,122612.08125644464
170316811005,163230.6242271096
170316812001,123114.66799372868
170316812002,162487.41333451716
170316812003,344312.68257335306
170316812004,144400.3392029454
170316813001,272560.2063440352
170316813002,321871.0224312853
170316813003,123705.91103635734
170316814001,122352.93896689158
170316814002,161501.5229718836
170316814003,240184.59032607995
170316814004,122333.1408407721
170316903001,223933.42799334097
170316903002,308546.83683066675
170316904001,162926.41239859158
170316904002,162945.429698109
170316904003,160692.6333561739
170316904004,165125.46965908716
170316905001,323163.1627510974
170316909001,123113.73554408846
170316909002,123101.26333973768
170316909003,122280.81987187608
170316909004,121996.60233976108
170316909005,164981.43171692043
170316910001,161769.3982269243
170316910002,161824.7880222152
170316910003,162707.90378857031
170316910004,162375.7846802712
170316911001,218272.3655621896
170316911002,136030.41607797222
170316911003,102718.3786394573
170316911004,218721.6974636128
170316912001,276991.4762344631
170316912002,561623.4304759137
170316912003,175108.18814564118
170316913001,324178.10556138726
170316913002,323267.7450189904
170316914001,123321.11428952432
170316914002,123610.76665498724
170316914003,122352.81283481252
170316914004,122193.41862362972
170316914005,165200.96712752074
170316915001,123422.94566761822
170316915002,427852.7584549283
170316915003,123246.07455493529
170317001001,581669.2563207161
170317001002,1730168.7578756055
170317002001,588267.7663457359
170317002002,351272.0678299577
170317002003,270412.43065606145
170317002004,404090.4863010623
170317003011,315532.9764000428
170317003012,303419.0485031121
170317003013,656733.3585040019
170317003021,288932.75863950007
170317003022,215396.32842678897
170317003023,313132.737400996
170317003024,502176.7992881896
170317004011,544308.0085708074
170317004012,405563.4773289679
170317004013,327431.5349355049
170317004014,205224.8616927968
170317004021,255634.3805246169
170317004022,322754.4554847877
170317004023,570498.3595096149
170317005011,308594.4688415615
170317005012,309292.40190405113
170317005013,305155.4061256765
170317005014,307505.3669311509
170317005015,201691.15249577604
170317005016,238103.29718299067
170317005021,1122200.7547725155
170317005022,600572.9910255248
170317101001,215114.19385184327
170317102001,123920.27503294298
170317102002,123866.03824919484
170317102003,123577.1718354427
170317102004,123827.93177365408
170317102005,246592.2436979442
170317103001,327581.1073352884
170317104001,124253.96792233502
170317104002,122498.29170878758
170317104003,122310.07222429548
170317104004,124395.42670086092
170317104005,277654.9524970922
170317104006,231344.2738100119
170317105001,122407.50849793167
170317105002,122634.4870664164
170317105003,122159.3300213112
170317105004,381205.5490322672
170317106001,122431.62110254528
170317106002,122500.94990098344
170317107001,122410.36221384157
170317107002,122451.5910745831
170317107003,122568.15729807052
170317107004,122653.09441209656
170317108001,122458.5147453028
170317108002,122542.51241225487
170317108003,142876.62107675313
170317108004,122319.7536586671
170317108005,122414.87950715973
170317108006,183665.32392892195
170317109001,321123.0576982704
170317109002,669822.4513981157
170317110001,163479.46669357014
170317110002,327345.3343894992
170317110003,163534.59854749165
170317111001,183864.0183715225
170317111002,184010.4769735876
170317111003,286056.6016864288
170317112001,183907.1862162172
170317112002,184086.1469925572
170317112003,184043.2468619861
170317112004,550199.4074203168
170317113001,153835.05281924852
170317113002,196182.20929876008
170317114001,198594.8178289208
170317114002,387628.95707043615
170317114003,158934.2916337712
170317115001,321724.8266943813
170317115002,327570.1663046818
170317201001,416249.3635741861
170317201002,1086707.0247182504
170317201003,462098.3983157288
170317202001,352016.4476556321
170317202002,415222.6135398182
170317202003,905231.3217381664
170317203001,245520.8516332552
170317203002,246910.68488098183
170317203003,527531.1833675554
170317203004,244407.81664871072
170317204001,333656.63262280374
170317204002,329582.43426343845
170317205001,648371.8953066012
170317205002,393788.0088711532
170317206001,290144.2601763286
170317206002,292227.16823141725
170317207001,401154.91977764806
170317207002,388751.3475969193
170317207003,259952.37551457027
170317301001,249676.0718922916
170317301002,202501.2434475567
170317301003,204771.21031668107
170317302011,182966.15246948984
170317302012,256761.9678592216
170317302013,191223.44206171297
170317302014,184831.04208641
170317302015,183046.4600649509
170317302021,449828.69640806667
170317302022,218340.1062494482
170317302023,204523.2754949016
170317303001,297370.7342015696
170317304001,292369.8411975544
170317304002,447241.5691546061
170317304003,294968.1008576885
170317304004,250624.6153301852
170317305001,229206.86819760056
170317305002,270580.9351212388
170317305003,306822.38965039764
170317305004,510995.51897925895
170317306001,261824.91692596537
170317306002,417554.83236588567
170317306003,327874.6961430612
170317307001,245297.9845140511
170317307002,742818.7826034058
170317401001,215941.8221915888
170317401002,156033.0002505427
170317401003,197190.27267476715
170317401004,321703.5394065166
170317402001,886044.4481673404
170317402002,330519.40259856835
170317402003,331288.9079248188
170317402004,414524.6311348019
170317403001,242939.48424919933
170317403002,415684.8970785837
170317403003,206037.8094930784
170317403004,204412.8729885411
170317403005,250612.8434920275
170317404001,187454.0486857725
170317404002,307782.39606888656
170317404003,2138630.4027917944
170317404004,202298.0236404157
170317501001,328246.16156868346
170317501002,228743.6033197812
170317501003,371407.4406390385
170317501004,357129.6650191098
170317502001,289010.2705253253
170317502002,363885.9548871801
170317502003,359602.7343454837
170317502004,298634.44282096263
170317503001,207587.6688201413
170317503002,207566.04380879013
170317503003,246612.51054244945
170317504001,535151.1286944655
170317504002,246311.35392207568
170317504003,212305.14540912828
170317505001,565248.8754354749
170317505002,430160.6114368659
170317505003,742855.0738366612
170317505004,878954.757557831
170317506001,491094.86648875446
170317506002,178357.93449498463
170317506003,313738.92972188146
170317506004,333152.4635418392
170317608011,860401.1944004875
170317608012,437730.35340183217
170317608021,6179353.486423966
170317608031,105915.87091437624
170317608032,364115.2823394784
170317608033,122907.35072166265
170317608034,167145.1552227662
170317705002,180518.3880449916
170317706021,17.88078642404558
170317706022,683887.1373081312
170317706023,38.898314728030094
170317707001,42761.19027861531
170317707002,712396.9106422908
170317708001,207197.3308311656
170317708002,61625.13726567345
170317709011,4880.5396474296285
170317709012,7.343026698220603
170317709013,38.01644028727295
170317709014,6.286186250773974
170317709021,3090.7451698543423
170317709022,14431.15116352076
170318054024,2.087110803025284
170318054025,47.89719849537664
170318055022,394.4656662952052
170318055023,1604.5657101926688
170318056002,9.00151274727955
170318056003,11.650293775169324
170318056004,12.022886207730744
170318057022,214.66945096844285
170318076003,18.24208678554852
170318078001,26.771290839670893
170318079002,5136.643697956068
170318079003,1482.9234755848056
170318080013,4830.267971812816
170318080022,80.34207203325923
170318080023,29.16893661766529
170318080024,4505.2699877141085
170318081001,6929.388535769472
170318081002,265.4576039321449
170318100003,4066.642136629925
170318102002,30.73312315273137
170318102003,21.170343486058208
170318102006,24.572717733655683
170318103012,37.21584326074472
170318103013,20.031772027066605
170318103014,31.36008746324785
170318104001,13.79623165861925
170318104002,32.18811060637612
170318104003,364633.8830152418
170318105011,283.9632989366997
170318105013,27.776692079955705
170318105015,96.41918123126337
170318105023,2.180886607102856
170318105024,59.619119416866624
170318105025,28.08479924924712
170318106001,578.6897456758032
170318106002,19.51404640421746
170318106003,16.681568846228785
170318107011,31.679576621347177
170318107012,7.662851851920763
170318107013,1.497426390593219
170318107014,8.648037290562002
170318107021,19.448462436031665
170318107022,3.07648968151148
170318108002,10.770487390049388
170318108003,0.0017039408899225
170318109001,13.019035404919116
170318109002,16.516476379006505
170318109003,5.849822129159067
170318109004,19.40978189923323
170318111004,29.99726863988504
170318111005,4.190520305462753
170318115001,8505.673478918636
170318116001,79602.92180686357
170318116002,4678.836536106006
170318117011,286078.27435976185
170318119001,0.1946381938379531
170318121001,217.4150478675226
170318121002,79.77599122724266
170318121003,8.318758977856584
170318121005,0.3655440789041757
170318122001,10.290381854387704
170318122004,1209.3708823799436
170318125001,31.881836409635792
170318126001,60.51518962936705
170318126002,62.958466683705296
170318130001,18.36915944015737
170318130002,6.864882951969931
170318131001,23.4084619362149
170318131002,9.071397501434342
170318133011,11.464160075841772
170318133013,0.6149001710736578
170318133022,132.21309716661935
170318134001,4.176582905999517
170318134006,3.6419782764392097
170318135001,3.170332966381862
170318138013,2483.173101500837
170318142001,1229.0120140599338
170318142002,937.4377842650614
170318203001,7.841082652659658
170318203002,5.275186779355485
170318203003,16.622110785884
170318203004,8.331897224498661
170318204002,21.708347206207755
170318204003,10.61852475139186
170318205021,11.820477779303651
170318207001,235.39565351310932
170318208001,12.126682120887224
170318208002,64.10786214130908
170318208003,4030.410307668396
170318209011,7588.960806667925
170318209021,41.45805297204301
170318209022,6.612272062684436
170318211022,16.899326490572808
170318211023,7.105568810630506
170318211024,11.772029307490191
170318212001,75.43752865505624
170318212004,18.296347453116244
170318214011,7.02491405236957
170318214012,2.674243211811597
170318214021,33.76872338688616
170318214022,6118.550921335559
170318215001,213916.91268948765
170318216001,12.978190564011182
170318216002,76.92056618082887
170318216004,828.441236330881
170318216005,65.04521040841539
170318217003,101.6438641614162
170318217004,65.6165359161225
170318217005,7.377442980967576
170318219001,69.95810080967959
170318219002,15.285655624456163
170318219003,73.19393944103764
170318219004,118.43114486056938
170318219005,256.71202621536463
170318220001,393.9451324491243
170318220002,2745.956513739746
170318220003,560.6388691736166
170318221011,0.0009511778736147
170318227012,15.3348400292966
170318227021,94.27999707151388
170318228011,116.58200180617716
170318228012,20.19932838496536
170318228022,13.533187977534029
170318228023,159.72107909478171
170318232001,100.1886650269524
170318233031,230.6895255879149
170318233032,1.0950829437319576
170318233035,0.4746394772510302
170318233041,341530.0717730563
170318233042,20.945228576218263
170318233043,22.49190878955472
170318233044,1104.573344343313
170318233045,0.0569682469685258
170318234001,0.5386439112172532
170318235001,2.525934393298315
170318257001,2106.956733357637
170318257003,2097.773978886029
170318258013,2140.044265066231
170318264012,2461.0472984275752
170318265001,45.99073539017588
170318305001,2147832.06896614
170318305002,207319.9588942798
170318305003,1754589.130476927
170318306001,126731.84472520706
170318306002,95747.69354362856
170318306003,162051.8666446508
170318306004,276860.32482225285
170318307001,543510.7456166662
170318307002,81614.41611176696
170318307003,81598.6624287348
170318307004,163205.69990483968
170318308001,168735.91510646165
170318308002,83991.54840742431
170318308003,83806.77032299995
170318309001,710357.6524033187
170318309002,156387.3227846278
170318309003,170938.70280149922
170318310001,120382.63846447218
170318310002,160873.51475715093
170318311001,679032.9074818261
170318311002,143652.01084133558
170318311003,247214.5427835132
170318311004,245255.16076169955
170318312001,99947.925493666
170318312002,315816.59447238024
170318312003,158284.47604069798
170318313001,576183.1333765924
170318314001,976852.0915562896
170318314002,1127330.8634730678
170318315001,674220.4778299923
170318315002,285419.34607222874
170318316001,324346.0904244324
170318316002,205244.1286253568
170318316003,184351.6462072802
170318316004,434034.6586329533
170318316005,163915.78984831247
170318316006,176938.86549141284
170318317001,532281.0083234019
170318318001,123160.3350745919
170318318002,123245.08389671704
170318318003,123343.0584598098
170318318004,229493.61816533149
170318318005,1304322.1584999205
170318319001,162906.80289772374
170318319002,161417.67440689914
170318320001,167585.16093222337
170318321001,68978.79351976869
170318321002,72237.59464092198
170318321003,80868.33984641176
170318322001,166318.85240314103
170318322002,164299.80950531832
170318322003,69122.58792375121
170318323001,840609.4152962728
170318324001,161678.74782780206
170318324002,161373.1653793916
170318325001,300413.38707041607
170318325002,481126.16640145297
170318326001,129929.32875166576
170318326002,396446.9642713708
170318326003,195251.18276260264
170318329001,210572.33598157085
170318329002,191142.7194442952
170318330001,468467.6112435676
170318330002,843670.8581463596
170318331001,287791.2345128222
170318331002,278467.6254420929
170318331003,356557.08660676656
170318333001,477334.025838887
170318339001,446720.1837718449
170318339002,255256.802932242
170318340001,653240.1681879447
170318340002,331585.67178510706
170318342001,164133.86016193707
170318342002,309726.5118349704
170318342003,191633.5147264381
170318342004,309945.34861940594
170318343001,262156.08070043585
170318343002,556601.2375737863
170318343003,156313.63327035453
170318343004,156089.1306883241
170318343005,464010.4281103454
170318343006,316466.8229638841
170318344001,143065.84039058976
170318344002,279802.3453581996
170318344003,163628.4593747895
170318345001,464133.4119618133
170318346001,273485.4250490664
170318346002,323695.52754637494
170318346003,419344.3596559417
170318346004,545687.4182262599
170318347001,163594.87017263845
170318347002,163502.0188684126
170318347003,330895.0695459707
170318348001,163471.3957855724
170318348002,275144.2276284242
170318348003,161248.1674430064
170318349001,163195.3355965373
170318349002,489950.2020249227
170318350001,469861.0529719839
170318350002,123703.31580085866
170318350003,164185.11954002624
170318350004,123021.48635880042
170318350005,123307.1878096426
170318351001,552248.4118567259
170318351002,164219.86417332804
170318351003,144005.38979340758
170318351004,143499.0082836571
170318352001,988536.1525459882
170318355001,448901.1388643052
170318355002,465649.06430931954
170318356001,459886.71781714127
170318356002,457610.9453396124
170318357001,190189.48877742072
170318358001,284424.332724981
170318359001,323344.042060709
170318359002,161983.113187197
170318359003,162116.19369814606
170318360001,137481.7199058068
170318360002,121162.58479734574
170318360003,247095.74390335009
170318361001,281726.7668648452
170318361002,194675.1965946885
170318361003,384069.31508673314
170318362001,813763.3940206241
170318363001,75473.61100575658
170318363002,62050.25189776362
170318364001,433893.510522498
170318364002,129091.95954645796
170318364003,236986.5171878932
170318365001,118204.70913801448
170318365002,350158.1615834703
170318366001,400827.7564667903
170318366002,233354.70808499883
170318367001,332091.9399594121
170318367002,895739.3716641421
170318368001,573391.1100735469
170318368002,242625.09561724385
170318369001,82500.53108533114
170318369002,82214.34788704503
170318370001,247228.93828128625
170318370002,165315.9798933714
170318371001,244601.7620658496
170318371002,500768.4480576613
170318373001,205711.9310959172
170318373002,162787.64076194866
170318374001,181642.0308597249
170318374002,409809.6156976051
170318378001,670567.4030794692
170318378002,334797.59623309184
170318380001,227815.53278669965
170318380002,310483.550871197
170318381001,98548.02162389876
170318381002,527175.7616825998
170318381003,195013.07114027216
170318382001,388617.342998354
170318382002,768948.0121463103
170318383001,214800.66689556465
170318383002,133332.36535554985
170318386001,123012.23455962302
170318386002,123240.46206116216
170318387001,255566.77019724608
170318387002,163808.95610369966
170318387003,123152.21382522536
170318387004,115557.00236715132
170318388001,121723.12334214088
170318388002,21544514.4528624
170318390001,132547.5254089044
170318390002,264380.13844440266
170318390003,75475.39152694802
170318390004,44161.98012101519
170318391001,841360.3422425534
170318391002,344730.1533362784
170318392001,267870.9444242692
170318392002,326586.69979938713
170318392003,56391.37047529591
170318395001,262138.14238142665
170318396001,96411.24751605684
170318396002,230641.0487530966
170318397001,263898.400799673
170318397002,173440.32885033177
170318397003,194503.8223328336
170318398001,81885.24757562007
170318398002,102290.0623397731
170318398003,82000.85577442887
170318399001,102627.69280128136
170318399002,757080.5828969694
170318399003,102580.37326297205
170318399004,102441.860339731
170318399005,102490.38618913847
170318400001,327839.3927613562
170318400002,263378.2702058636
170318401001,106517.33804569866
170318401002,226438.1185128376
170318402001,862870.3602961837
170318403001,292071.62347323087
170318403002,311975.28426278144
170318403003,227002.39816859807
170318404001,765121.776470841
170318404002,235223.14988728773
170318407001,122846.57340724573
170318407002,134574.5782657244
170318407003,284107.51060138934
170318408001,164122.18986944665
170318408002,164555.91671373753
170318410001,1056929.0882859384
170318411001,334694.7439578689
170318411002,187660.4232058261
170318411003,434027.44733092433
170318411004,189857.4654490043
170318412001,107995.04195306034
170318412002,397193.2369144476
170318412003,120217.59393804402
170318413001,102302.30986884452
170318413002,493448.2063616773
170318413003,155089.11237871324
170318413004,663289.9611411358
170318414001,108694.59173195988
170318414002,133794.22131795972
170318415001,175135.15830357224
170318415002,257170.36156641244
170318416001,159366.76621955412
170318417001,266795.5492478248
170318418001,327761.68047605903
170318418002,1315337.5667579349
170318419001,857051.7217912844
170318419002,1707472.0292370436
170318420001,124335.725975678
170318420002,465677.15216689336
170318421001,364823.3299754737
170318421002,167037.21787307356
170318421003,124511.41630782424
170318421004,124378.49592575517
170318421005,1129456.096474623
170318421006,124433.73517770182
170318422001,1544725.1153053525
170318423001,1131802.262602602
170318423002,762666.4266046324
170318424001,272497.55037534644
170318424002,1372293.577558681
170318424003,323787.3703769736
170318425001,1075296.189427043
170318426001,661248.5534949565
170318426002,2695911.5367311533
170318426003,117418.66444315616
170318426004,204846.0958862208
170318428001,81862.60236092564
170318428002,102370.859660773
170318428003,102915.08313971233
170318428004,1024320.8216263022
170318428005,102640.85584595014
170318428006,102451.0064234971
170318429001,280869.7335970404
170318429002,124242.23696264152
170318429003,242887.1025583249
170318429004,1560398.2772543705
170318430001,487115.82914289855
170318430002,578743.0471813206
170318431001,660337.8416519595
170318431002,352340.8440437328
170318432001,162686.35263740877
170318432002,2931308.89798819
170318433001,584250.3915772111
170318434001,656211.6609867587
170318435001,2033365.3902183843
170318436001,204437.7202689377
170318436002,206455.3959646502
170318437001,979644.9223875728
170318437002,287293.2856694324
170318438001,652546.1916070386
170318438002,656971.6386469335
170318439001,1205840.737634138
170318439002,162793.94536102677
170318439003,57016.62711782832
170318439004,55079.23674933952
170318439005,55032.16765939061
170319800001,19021468.13659156
170319801001,2981781.73318934
170319900000,4206.90270213421
